id,disease_id,omim_id,created_at,updated_at
1,1,1,2020-12-22 18:01:19,2020-12-22 18:01:19
2,2,2,2020-12-22 18:01:19,2020-12-22 18:01:19
3,2,3,2020-12-22 18:01:19,2020-12-22 18:01:19
4,3,4,2020-12-22 18:01:19,2020-12-22 18:01:19
5,4,5,2020-12-22 18:01:19,2020-12-22 18:01:19
6,5,6,2020-12-22 18:01:19,2020-12-22 18:01:19
7,7,7,2020-12-22 18:01:20,2020-12-22 18:01:20
8,8,8,2020-12-22 18:01:20,2020-12-22 18:01:20
9,10,9,2020-12-22 18:01:20,2020-12-22 18:01:20
10,11,10,2020-12-22 18:01:20,2020-12-22 18:01:20
11,12,11,2020-12-22 18:01:21,2020-12-22 18:01:21
12,14,12,2020-12-22 18:01:21,2020-12-22 18:01:21
13,15,13,2020-12-22 18:01:21,2020-12-22 18:01:21
14,16,14,2020-12-22 18:01:21,2020-12-22 18:01:21
15,16,15,2020-12-22 18:01:21,2020-12-22 18:01:21
16,16,16,2020-12-22 18:01:21,2020-12-22 18:01:21
17,16,17,2020-12-22 18:01:21,2020-12-22 18:01:21
18,16,18,2020-12-22 18:01:21,2020-12-22 18:01:21
19,16,19,2020-12-22 18:01:21,2020-12-22 18:01:21
20,17,20,2020-12-22 18:01:21,2020-12-22 18:01:21
21,18,21,2020-12-22 18:01:21,2020-12-22 18:01:21
22,20,22,2020-12-22 18:01:21,2020-12-22 18:01:21
23,21,23,2020-12-22 18:01:21,2020-12-22 18:01:21
24,22,24,2020-12-22 18:01:21,2020-12-22 18:01:21
25,23,25,2020-12-22 18:01:22,2020-12-22 18:01:22
26,24,26,2020-12-22 18:01:22,2020-12-22 18:01:22
27,25,27,2020-12-22 18:01:22,2020-12-22 18:01:22
28,25,28,2020-12-22 18:01:22,2020-12-22 18:01:22
29,25,29,2020-12-22 18:01:22,2020-12-22 18:01:22
30,26,27,2020-12-22 18:01:22,2020-12-22 18:01:22
31,26,30,2020-12-22 18:01:22,2020-12-22 18:01:22
32,26,29,2020-12-22 18:01:22,2020-12-22 18:01:22
33,27,31,2020-12-22 18:01:22,2020-12-22 18:01:22
34,28,32,2020-12-22 18:01:22,2020-12-22 18:01:22
35,29,33,2020-12-22 18:01:22,2020-12-22 18:01:22
36,29,34,2020-12-22 18:01:22,2020-12-22 18:01:22
37,29,35,2020-12-22 18:01:22,2020-12-22 18:01:22
38,29,36,2020-12-22 18:01:22,2020-12-22 18:01:22
39,30,37,2020-12-22 18:01:22,2020-12-22 18:01:22
40,31,38,2020-12-22 18:01:22,2020-12-22 18:01:22
41,32,39,2020-12-22 18:01:22,2020-12-22 18:01:22
42,33,40,2020-12-22 18:01:22,2020-12-22 18:01:22
43,33,41,2020-12-22 18:01:22,2020-12-22 18:01:22
44,34,42,2020-12-22 18:01:22,2020-12-22 18:01:22
45,37,43,2020-12-22 18:01:22,2020-12-22 18:01:22
46,38,44,2020-12-22 18:01:22,2020-12-22 18:01:22
47,39,45,2020-12-22 18:01:23,2020-12-22 18:01:23
48,39,46,2020-12-22 18:01:23,2020-12-22 18:01:23
49,40,47,2020-12-22 18:01:23,2020-12-22 18:01:23
50,41,48,2020-12-22 18:01:23,2020-12-22 18:01:23
51,42,49,2020-12-22 18:01:23,2020-12-22 18:01:23
52,43,50,2020-12-22 18:01:23,2020-12-22 18:01:23
53,43,51,2020-12-22 18:01:23,2020-12-22 18:01:23
54,44,52,2020-12-22 18:01:23,2020-12-22 18:01:23
55,45,53,2020-12-22 18:01:23,2020-12-22 18:01:23
56,45,54,2020-12-22 18:01:23,2020-12-22 18:01:23
57,46,55,2020-12-22 18:01:23,2020-12-22 18:01:23
58,46,56,2020-12-22 18:01:23,2020-12-22 18:01:23
59,48,57,2020-12-22 18:01:23,2020-12-22 18:01:23
60,49,58,2020-12-22 18:01:23,2020-12-22 18:01:23
61,51,59,2020-12-22 18:01:23,2020-12-22 18:01:23
62,51,60,2020-12-22 18:01:23,2020-12-22 18:01:23
63,52,61,2020-12-22 18:01:24,2020-12-22 18:01:24
64,53,62,2020-12-22 18:01:24,2020-12-22 18:01:24
65,54,63,2020-12-22 18:01:24,2020-12-22 18:01:24
66,55,64,2020-12-22 18:01:24,2020-12-22 18:01:24
67,56,65,2020-12-22 18:01:24,2020-12-22 18:01:24
68,57,66,2020-12-22 18:01:24,2020-12-22 18:01:24
69,58,67,2020-12-22 18:01:24,2020-12-22 18:01:24
70,59,68,2020-12-22 18:01:24,2020-12-22 18:01:24
71,60,69,2020-12-22 18:01:24,2020-12-22 18:01:24
72,61,70,2020-12-22 18:01:24,2020-12-22 18:01:24
73,62,71,2020-12-22 18:01:24,2020-12-22 18:01:24
74,63,72,2020-12-22 18:01:24,2020-12-22 18:01:24
75,64,73,2020-12-22 18:01:24,2020-12-22 18:01:24
76,65,74,2020-12-22 18:01:24,2020-12-22 18:01:24
77,66,75,2020-12-22 18:01:25,2020-12-22 18:01:25
78,67,76,2020-12-22 18:01:25,2020-12-22 18:01:25
79,68,77,2020-12-22 18:01:25,2020-12-22 18:01:25
80,69,78,2020-12-22 18:01:25,2020-12-22 18:01:25
81,70,79,2020-12-22 18:01:25,2020-12-22 18:01:25
82,71,80,2020-12-22 18:01:25,2020-12-22 18:01:25
83,71,81,2020-12-22 18:01:25,2020-12-22 18:01:25
84,72,82,2020-12-22 18:01:25,2020-12-22 18:01:25
85,73,83,2020-12-22 18:01:25,2020-12-22 18:01:25
86,74,84,2020-12-22 18:01:25,2020-12-22 18:01:25
87,75,85,2020-12-22 18:01:26,2020-12-22 18:01:26
88,76,86,2020-12-22 18:01:26,2020-12-22 18:01:26
89,76,87,2020-12-22 18:01:26,2020-12-22 18:01:26
90,77,88,2020-12-22 18:01:26,2020-12-22 18:01:26
91,78,89,2020-12-22 18:01:26,2020-12-22 18:01:26
92,79,90,2020-12-22 18:01:26,2020-12-22 18:01:26
93,80,91,2020-12-22 18:01:26,2020-12-22 18:01:26
94,81,92,2020-12-22 18:01:26,2020-12-22 18:01:26
95,82,93,2020-12-22 18:01:26,2020-12-22 18:01:26
96,83,94,2020-12-22 18:01:26,2020-12-22 18:01:26
97,84,95,2020-12-22 18:01:26,2020-12-22 18:01:26
98,85,96,2020-12-22 18:01:26,2020-12-22 18:01:26
99,85,97,2020-12-22 18:01:26,2020-12-22 18:01:26
100,85,98,2020-12-22 18:01:26,2020-12-22 18:01:26
101,85,99,2020-12-22 18:01:26,2020-12-22 18:01:26
102,86,100,2020-12-22 18:01:26,2020-12-22 18:01:26
103,86,101,2020-12-22 18:01:26,2020-12-22 18:01:26
104,87,102,2020-12-22 18:01:26,2020-12-22 18:01:26
105,87,103,2020-12-22 18:01:26,2020-12-22 18:01:26
106,88,104,2020-12-22 18:01:26,2020-12-22 18:01:26
107,89,105,2020-12-22 18:01:27,2020-12-22 18:01:27
108,90,106,2020-12-22 18:01:27,2020-12-22 18:01:27
109,90,107,2020-12-22 18:01:27,2020-12-22 18:01:27
110,90,108,2020-12-22 18:01:27,2020-12-22 18:01:27
111,90,109,2020-12-22 18:01:27,2020-12-22 18:01:27
112,90,110,2020-12-22 18:01:27,2020-12-22 18:01:27
113,91,111,2020-12-22 18:01:27,2020-12-22 18:01:27
114,92,112,2020-12-22 18:01:27,2020-12-22 18:01:27
115,93,113,2020-12-22 18:01:27,2020-12-22 18:01:27
116,95,114,2020-12-22 18:01:27,2020-12-22 18:01:27
117,96,115,2020-12-22 18:01:27,2020-12-22 18:01:27
118,96,116,2020-12-22 18:01:27,2020-12-22 18:01:27
119,96,117,2020-12-22 18:01:27,2020-12-22 18:01:27
120,97,118,2020-12-22 18:01:27,2020-12-22 18:01:27
121,98,119,2020-12-22 18:01:27,2020-12-22 18:01:27
122,99,120,2020-12-22 18:01:27,2020-12-22 18:01:27
123,100,121,2020-12-22 18:01:27,2020-12-22 18:01:27
124,100,122,2020-12-22 18:01:27,2020-12-22 18:01:27
125,100,123,2020-12-22 18:01:27,2020-12-22 18:01:27
126,100,124,2020-12-22 18:01:28,2020-12-22 18:01:28
127,100,125,2020-12-22 18:01:28,2020-12-22 18:01:28
128,100,126,2020-12-22 18:01:28,2020-12-22 18:01:28
129,101,127,2020-12-22 18:01:28,2020-12-22 18:01:28
130,102,128,2020-12-22 18:01:28,2020-12-22 18:01:28
131,103,129,2020-12-22 18:01:28,2020-12-22 18:01:28
132,103,130,2020-12-22 18:01:28,2020-12-22 18:01:28
133,104,131,2020-12-22 18:01:28,2020-12-22 18:01:28
134,105,132,2020-12-22 18:01:28,2020-12-22 18:01:28
135,107,133,2020-12-22 18:01:28,2020-12-22 18:01:28
136,108,134,2020-12-22 18:01:28,2020-12-22 18:01:28
137,110,135,2020-12-22 18:01:28,2020-12-22 18:01:28
138,110,136,2020-12-22 18:01:28,2020-12-22 18:01:28
139,111,135,2020-12-22 18:01:28,2020-12-22 18:01:28
140,111,136,2020-12-22 18:01:28,2020-12-22 18:01:28
141,112,135,2020-12-22 18:01:28,2020-12-22 18:01:28
142,112,136,2020-12-22 18:01:28,2020-12-22 18:01:28
143,112,137,2020-12-22 18:01:28,2020-12-22 18:01:28
144,113,138,2020-12-22 18:01:29,2020-12-22 18:01:29
145,114,139,2020-12-22 18:01:29,2020-12-22 18:01:29
146,115,140,2020-12-22 18:01:29,2020-12-22 18:01:29
147,115,141,2020-12-22 18:01:29,2020-12-22 18:01:29
148,115,142,2020-12-22 18:01:29,2020-12-22 18:01:29
149,115,143,2020-12-22 18:01:29,2020-12-22 18:01:29
150,115,144,2020-12-22 18:01:29,2020-12-22 18:01:29
151,116,144,2020-12-22 18:01:29,2020-12-22 18:01:29
152,117,145,2020-12-22 18:01:29,2020-12-22 18:01:29
153,118,146,2020-12-22 18:01:29,2020-12-22 18:01:29
154,119,66,2020-12-22 18:01:29,2020-12-22 18:01:29
155,119,147,2020-12-22 18:01:29,2020-12-22 18:01:29
156,119,148,2020-12-22 18:01:29,2020-12-22 18:01:29
157,119,149,2020-12-22 18:01:29,2020-12-22 18:01:29
158,119,150,2020-12-22 18:01:29,2020-12-22 18:01:29
159,119,151,2020-12-22 18:01:29,2020-12-22 18:01:29
160,119,152,2020-12-22 18:01:29,2020-12-22 18:01:29
161,121,153,2020-12-22 18:01:29,2020-12-22 18:01:29
162,121,154,2020-12-22 18:01:29,2020-12-22 18:01:29
163,121,155,2020-12-22 18:01:29,2020-12-22 18:01:29
164,121,156,2020-12-22 18:01:29,2020-12-22 18:01:29
165,121,157,2020-12-22 18:01:29,2020-12-22 18:01:29
166,122,158,2020-12-22 18:01:30,2020-12-22 18:01:30
167,128,159,2020-12-22 18:01:30,2020-12-22 18:01:30
168,128,160,2020-12-22 18:01:30,2020-12-22 18:01:30
169,128,161,2020-12-22 18:01:30,2020-12-22 18:01:30
170,129,162,2020-12-22 18:01:30,2020-12-22 18:01:30
171,129,163,2020-12-22 18:01:30,2020-12-22 18:01:30
172,130,164,2020-12-22 18:01:30,2020-12-22 18:01:30
173,132,165,2020-12-22 18:01:30,2020-12-22 18:01:30
174,133,166,2020-12-22 18:01:30,2020-12-22 18:01:30
175,134,167,2020-12-22 18:01:30,2020-12-22 18:01:30
176,134,168,2020-12-22 18:01:30,2020-12-22 18:01:30
177,135,169,2020-12-22 18:01:31,2020-12-22 18:01:31
178,136,170,2020-12-22 18:01:31,2020-12-22 18:01:31
179,136,171,2020-12-22 18:01:31,2020-12-22 18:01:31
180,137,172,2020-12-22 18:01:31,2020-12-22 18:01:31
181,138,173,2020-12-22 18:01:31,2020-12-22 18:01:31
182,139,174,2020-12-22 18:01:31,2020-12-22 18:01:31
183,140,175,2020-12-22 18:01:31,2020-12-22 18:01:31
184,142,176,2020-12-22 18:01:31,2020-12-22 18:01:31
185,143,177,2020-12-22 18:01:31,2020-12-22 18:01:31
186,144,178,2020-12-22 18:01:31,2020-12-22 18:01:31
187,145,179,2020-12-22 18:01:31,2020-12-22 18:01:31
188,146,180,2020-12-22 18:01:31,2020-12-22 18:01:31
189,147,181,2020-12-22 18:01:31,2020-12-22 18:01:31
190,147,182,2020-12-22 18:01:31,2020-12-22 18:01:31
191,147,183,2020-12-22 18:01:31,2020-12-22 18:01:31
192,147,184,2020-12-22 18:01:31,2020-12-22 18:01:31
193,147,185,2020-12-22 18:01:31,2020-12-22 18:01:31
194,147,186,2020-12-22 18:01:31,2020-12-22 18:01:31
195,147,187,2020-12-22 18:01:32,2020-12-22 18:01:32
196,148,188,2020-12-22 18:01:32,2020-12-22 18:01:32
197,149,189,2020-12-22 18:01:32,2020-12-22 18:01:32
198,151,190,2020-12-22 18:01:32,2020-12-22 18:01:32
199,152,191,2020-12-22 18:01:32,2020-12-22 18:01:32
200,152,192,2020-12-22 18:01:32,2020-12-22 18:01:32
201,152,193,2020-12-22 18:01:32,2020-12-22 18:01:32
202,152,194,2020-12-22 18:01:32,2020-12-22 18:01:32
203,153,195,2020-12-22 18:01:32,2020-12-22 18:01:32
204,154,196,2020-12-22 18:01:32,2020-12-22 18:01:32
205,155,197,2020-12-22 18:01:32,2020-12-22 18:01:32
206,156,198,2020-12-22 18:01:32,2020-12-22 18:01:32
207,156,199,2020-12-22 18:01:32,2020-12-22 18:01:32
208,156,200,2020-12-22 18:01:32,2020-12-22 18:01:32
209,157,201,2020-12-22 18:01:32,2020-12-22 18:01:32
210,157,202,2020-12-22 18:01:32,2020-12-22 18:01:32
211,157,203,2020-12-22 18:01:32,2020-12-22 18:01:32
212,157,204,2020-12-22 18:01:32,2020-12-22 18:01:32
213,157,205,2020-12-22 18:01:32,2020-12-22 18:01:32
214,157,206,2020-12-22 18:01:32,2020-12-22 18:01:32
215,157,207,2020-12-22 18:01:33,2020-12-22 18:01:33
216,157,208,2020-12-22 18:01:33,2020-12-22 18:01:33
217,157,209,2020-12-22 18:01:33,2020-12-22 18:01:33
218,159,210,2020-12-22 18:01:33,2020-12-22 18:01:33
219,160,211,2020-12-22 18:01:33,2020-12-22 18:01:33
220,161,212,2020-12-22 18:01:33,2020-12-22 18:01:33
221,162,213,2020-12-22 18:01:33,2020-12-22 18:01:33
222,163,214,2020-12-22 18:01:33,2020-12-22 18:01:33
223,163,215,2020-12-22 18:01:33,2020-12-22 18:01:33
224,164,216,2020-12-22 18:01:33,2020-12-22 18:01:33
225,166,217,2020-12-22 18:01:33,2020-12-22 18:01:33
226,167,218,2020-12-22 18:01:33,2020-12-22 18:01:33
227,167,219,2020-12-22 18:01:33,2020-12-22 18:01:33
228,167,220,2020-12-22 18:01:33,2020-12-22 18:01:33
229,168,221,2020-12-22 18:01:34,2020-12-22 18:01:34
230,169,222,2020-12-22 18:01:34,2020-12-22 18:01:34
231,169,223,2020-12-22 18:01:34,2020-12-22 18:01:34
232,169,224,2020-12-22 18:01:34,2020-12-22 18:01:34
233,169,225,2020-12-22 18:01:34,2020-12-22 18:01:34
234,169,226,2020-12-22 18:01:34,2020-12-22 18:01:34
235,170,227,2020-12-22 18:01:34,2020-12-22 18:01:34
236,173,228,2020-12-22 18:01:34,2020-12-22 18:01:34
237,174,229,2020-12-22 18:01:34,2020-12-22 18:01:34
238,175,230,2020-12-22 18:01:34,2020-12-22 18:01:34
239,176,231,2020-12-22 18:01:34,2020-12-22 18:01:34
240,177,232,2020-12-22 18:01:34,2020-12-22 18:01:34
241,178,233,2020-12-22 18:01:34,2020-12-22 18:01:34
242,179,234,2020-12-22 18:01:35,2020-12-22 18:01:35
243,180,235,2020-12-22 18:01:35,2020-12-22 18:01:35
244,185,236,2020-12-22 18:01:35,2020-12-22 18:01:35
245,185,237,2020-12-22 18:01:35,2020-12-22 18:01:35
246,185,238,2020-12-22 18:01:35,2020-12-22 18:01:35
247,185,239,2020-12-22 18:01:35,2020-12-22 18:01:35
248,186,240,2020-12-22 18:01:35,2020-12-22 18:01:35
249,190,241,2020-12-22 18:01:35,2020-12-22 18:01:35
250,191,242,2020-12-22 18:01:35,2020-12-22 18:01:35
251,192,243,2020-12-22 18:01:35,2020-12-22 18:01:35
252,192,244,2020-12-22 18:01:35,2020-12-22 18:01:35
253,193,245,2020-12-22 18:01:35,2020-12-22 18:01:35
254,194,246,2020-12-22 18:01:36,2020-12-22 18:01:36
255,195,247,2020-12-22 18:01:36,2020-12-22 18:01:36
256,196,248,2020-12-22 18:01:36,2020-12-22 18:01:36
257,197,249,2020-12-22 18:01:36,2020-12-22 18:01:36
258,199,250,2020-12-22 18:01:36,2020-12-22 18:01:36
259,201,251,2020-12-22 18:01:36,2020-12-22 18:01:36
260,202,252,2020-12-22 18:01:36,2020-12-22 18:01:36
261,203,253,2020-12-22 18:01:36,2020-12-22 18:01:36
262,204,254,2020-12-22 18:01:36,2020-12-22 18:01:36
263,204,255,2020-12-22 18:01:36,2020-12-22 18:01:36
264,204,256,2020-12-22 18:01:36,2020-12-22 18:01:36
265,204,257,2020-12-22 18:01:36,2020-12-22 18:01:36
266,204,258,2020-12-22 18:01:36,2020-12-22 18:01:36
267,204,259,2020-12-22 18:01:36,2020-12-22 18:01:36
268,204,260,2020-12-22 18:01:36,2020-12-22 18:01:36
269,204,261,2020-12-22 18:01:36,2020-12-22 18:01:36
270,204,262,2020-12-22 18:01:36,2020-12-22 18:01:36
271,204,263,2020-12-22 18:01:36,2020-12-22 18:01:36
272,204,264,2020-12-22 18:01:36,2020-12-22 18:01:36
273,204,265,2020-12-22 18:01:36,2020-12-22 18:01:36
274,204,266,2020-12-22 18:01:36,2020-12-22 18:01:36
275,204,267,2020-12-22 18:01:36,2020-12-22 18:01:36
276,204,268,2020-12-22 18:01:36,2020-12-22 18:01:36
277,204,269,2020-12-22 18:01:36,2020-12-22 18:01:36
278,204,270,2020-12-22 18:01:37,2020-12-22 18:01:37
279,204,271,2020-12-22 18:01:37,2020-12-22 18:01:37
280,204,272,2020-12-22 18:01:37,2020-12-22 18:01:37
281,205,273,2020-12-22 18:01:37,2020-12-22 18:01:37
282,206,274,2020-12-22 18:01:37,2020-12-22 18:01:37
283,207,275,2020-12-22 18:01:37,2020-12-22 18:01:37
284,208,276,2020-12-22 18:01:37,2020-12-22 18:01:37
285,209,277,2020-12-22 18:01:37,2020-12-22 18:01:37
286,209,278,2020-12-22 18:01:37,2020-12-22 18:01:37
287,209,279,2020-12-22 18:01:37,2020-12-22 18:01:37
288,209,280,2020-12-22 18:01:37,2020-12-22 18:01:37
289,211,281,2020-12-22 18:01:37,2020-12-22 18:01:37
290,212,282,2020-12-22 18:01:38,2020-12-22 18:01:38
291,213,283,2020-12-22 18:01:38,2020-12-22 18:01:38
292,215,284,2020-12-22 18:01:38,2020-12-22 18:01:38
293,216,285,2020-12-22 18:01:38,2020-12-22 18:01:38
294,217,286,2020-12-22 18:01:38,2020-12-22 18:01:38
295,218,287,2020-12-22 18:01:38,2020-12-22 18:01:38
296,218,288,2020-12-22 18:01:38,2020-12-22 18:01:38
297,220,289,2020-12-22 18:01:38,2020-12-22 18:01:38
298,221,290,2020-12-22 18:01:38,2020-12-22 18:01:38
299,222,291,2020-12-22 18:01:38,2020-12-22 18:01:38
300,224,292,2020-12-22 18:01:38,2020-12-22 18:01:38
301,225,293,2020-12-22 18:01:38,2020-12-22 18:01:38
302,228,115,2020-12-22 18:01:39,2020-12-22 18:01:39
303,229,116,2020-12-22 18:01:39,2020-12-22 18:01:39
304,230,117,2020-12-22 18:01:39,2020-12-22 18:01:39
305,231,294,2020-12-22 18:01:39,2020-12-22 18:01:39
306,232,295,2020-12-22 18:01:39,2020-12-22 18:01:39
307,233,296,2020-12-22 18:01:39,2020-12-22 18:01:39
308,235,297,2020-12-22 18:01:39,2020-12-22 18:01:39
309,236,298,2020-12-22 18:01:39,2020-12-22 18:01:39
310,237,299,2020-12-22 18:01:39,2020-12-22 18:01:39
311,238,300,2020-12-22 18:01:39,2020-12-22 18:01:39
312,239,301,2020-12-22 18:01:39,2020-12-22 18:01:39
313,239,302,2020-12-22 18:01:39,2020-12-22 18:01:39
314,239,303,2020-12-22 18:01:39,2020-12-22 18:01:39
315,240,304,2020-12-22 18:01:39,2020-12-22 18:01:39
316,241,305,2020-12-22 18:01:40,2020-12-22 18:01:40
317,242,306,2020-12-22 18:01:40,2020-12-22 18:01:40
318,243,307,2020-12-22 18:01:40,2020-12-22 18:01:40
319,243,308,2020-12-22 18:01:40,2020-12-22 18:01:40
320,243,309,2020-12-22 18:01:40,2020-12-22 18:01:40
321,243,310,2020-12-22 18:01:40,2020-12-22 18:01:40
322,243,311,2020-12-22 18:01:40,2020-12-22 18:01:40
323,244,312,2020-12-22 18:01:40,2020-12-22 18:01:40
324,245,313,2020-12-22 18:01:40,2020-12-22 18:01:40
325,246,314,2020-12-22 18:01:40,2020-12-22 18:01:40
326,247,315,2020-12-22 18:01:40,2020-12-22 18:01:40
327,248,316,2020-12-22 18:01:40,2020-12-22 18:01:40
328,249,317,2020-12-22 18:01:40,2020-12-22 18:01:40
329,252,318,2020-12-22 18:01:41,2020-12-22 18:01:41
330,253,319,2020-12-22 18:01:41,2020-12-22 18:01:41
331,254,320,2020-12-22 18:01:41,2020-12-22 18:01:41
332,256,321,2020-12-22 18:01:41,2020-12-22 18:01:41
333,256,322,2020-12-22 18:01:41,2020-12-22 18:01:41
334,256,323,2020-12-22 18:01:41,2020-12-22 18:01:41
335,256,324,2020-12-22 18:01:41,2020-12-22 18:01:41
336,256,325,2020-12-22 18:01:41,2020-12-22 18:01:41
337,256,326,2020-12-22 18:01:41,2020-12-22 18:01:41
338,256,327,2020-12-22 18:01:41,2020-12-22 18:01:41
339,257,322,2020-12-22 18:01:41,2020-12-22 18:01:41
340,257,327,2020-12-22 18:01:41,2020-12-22 18:01:41
341,257,328,2020-12-22 18:01:41,2020-12-22 18:01:41
342,258,329,2020-12-22 18:01:41,2020-12-22 18:01:41
343,259,330,2020-12-22 18:01:41,2020-12-22 18:01:41
344,259,331,2020-12-22 18:01:41,2020-12-22 18:01:41
345,259,332,2020-12-22 18:01:41,2020-12-22 18:01:41
346,259,333,2020-12-22 18:01:41,2020-12-22 18:01:41
347,259,334,2020-12-22 18:01:41,2020-12-22 18:01:41
348,259,335,2020-12-22 18:01:41,2020-12-22 18:01:41
349,259,336,2020-12-22 18:01:41,2020-12-22 18:01:41
350,259,337,2020-12-22 18:01:41,2020-12-22 18:01:41
351,259,338,2020-12-22 18:01:41,2020-12-22 18:01:41
352,260,339,2020-12-22 18:01:42,2020-12-22 18:01:42
353,260,340,2020-12-22 18:01:42,2020-12-22 18:01:42
354,261,341,2020-12-22 18:01:42,2020-12-22 18:01:42
355,262,342,2020-12-22 18:01:42,2020-12-22 18:01:42
356,263,343,2020-12-22 18:01:42,2020-12-22 18:01:42
357,264,344,2020-12-22 18:01:42,2020-12-22 18:01:42
358,265,345,2020-12-22 18:01:42,2020-12-22 18:01:42
359,265,346,2020-12-22 18:01:42,2020-12-22 18:01:42
360,265,347,2020-12-22 18:01:42,2020-12-22 18:01:42
361,265,348,2020-12-22 18:01:42,2020-12-22 18:01:42
362,265,349,2020-12-22 18:01:42,2020-12-22 18:01:42
363,265,350,2020-12-22 18:01:42,2020-12-22 18:01:42
364,265,351,2020-12-22 18:01:42,2020-12-22 18:01:42
365,266,352,2020-12-22 18:01:42,2020-12-22 18:01:42
366,268,353,2020-12-22 18:01:42,2020-12-22 18:01:42
367,269,354,2020-12-22 18:01:42,2020-12-22 18:01:42
368,270,355,2020-12-22 18:01:42,2020-12-22 18:01:42
369,271,356,2020-12-22 18:01:42,2020-12-22 18:01:42
370,271,357,2020-12-22 18:01:42,2020-12-22 18:01:42
371,273,358,2020-12-22 18:01:43,2020-12-22 18:01:43
372,274,359,2020-12-22 18:01:43,2020-12-22 18:01:43
373,275,360,2020-12-22 18:01:43,2020-12-22 18:01:43
374,276,286,2020-12-22 18:01:43,2020-12-22 18:01:43
375,277,361,2020-12-22 18:01:43,2020-12-22 18:01:43
376,279,362,2020-12-22 18:01:43,2020-12-22 18:01:43
377,279,363,2020-12-22 18:01:43,2020-12-22 18:01:43
378,280,364,2020-12-22 18:01:43,2020-12-22 18:01:43
379,281,365,2020-12-22 18:01:43,2020-12-22 18:01:43
380,282,366,2020-12-22 18:01:43,2020-12-22 18:01:43
381,283,367,2020-12-22 18:01:43,2020-12-22 18:01:43
382,284,368,2020-12-22 18:01:43,2020-12-22 18:01:43
383,285,369,2020-12-22 18:01:43,2020-12-22 18:01:43
384,285,60,2020-12-22 18:01:43,2020-12-22 18:01:43
385,285,370,2020-12-22 18:01:44,2020-12-22 18:01:44
386,286,371,2020-12-22 18:01:44,2020-12-22 18:01:44
387,286,372,2020-12-22 18:01:44,2020-12-22 18:01:44
388,286,373,2020-12-22 18:01:44,2020-12-22 18:01:44
389,287,374,2020-12-22 18:01:44,2020-12-22 18:01:44
390,287,375,2020-12-22 18:01:44,2020-12-22 18:01:44
391,287,376,2020-12-22 18:01:44,2020-12-22 18:01:44
392,289,377,2020-12-22 18:01:44,2020-12-22 18:01:44
393,290,378,2020-12-22 18:01:44,2020-12-22 18:01:44
394,291,379,2020-12-22 18:01:44,2020-12-22 18:01:44
395,293,380,2020-12-22 18:01:44,2020-12-22 18:01:44
396,295,381,2020-12-22 18:01:44,2020-12-22 18:01:44
397,297,382,2020-12-22 18:01:44,2020-12-22 18:01:44
398,298,383,2020-12-22 18:01:45,2020-12-22 18:01:45
399,299,384,2020-12-22 18:01:45,2020-12-22 18:01:45
400,299,385,2020-12-22 18:01:45,2020-12-22 18:01:45
401,299,386,2020-12-22 18:01:45,2020-12-22 18:01:45
402,300,387,2020-12-22 18:01:45,2020-12-22 18:01:45
403,302,388,2020-12-22 18:01:45,2020-12-22 18:01:45
404,306,389,2020-12-22 18:01:45,2020-12-22 18:01:45
405,308,390,2020-12-22 18:01:45,2020-12-22 18:01:45
406,311,391,2020-12-22 18:01:45,2020-12-22 18:01:45
407,313,392,2020-12-22 18:01:45,2020-12-22 18:01:45
408,314,393,2020-12-22 18:01:45,2020-12-22 18:01:45
409,316,286,2020-12-22 18:01:46,2020-12-22 18:01:46
410,317,394,2020-12-22 18:01:46,2020-12-22 18:01:46
411,317,395,2020-12-22 18:01:46,2020-12-22 18:01:46
412,319,396,2020-12-22 18:01:46,2020-12-22 18:01:46
413,320,397,2020-12-22 18:01:46,2020-12-22 18:01:46
414,323,398,2020-12-22 18:01:46,2020-12-22 18:01:46
415,324,399,2020-12-22 18:01:46,2020-12-22 18:01:46
416,325,400,2020-12-22 18:01:46,2020-12-22 18:01:46
417,326,401,2020-12-22 18:01:46,2020-12-22 18:01:46
418,327,402,2020-12-22 18:01:47,2020-12-22 18:01:47
419,327,403,2020-12-22 18:01:47,2020-12-22 18:01:47
420,328,404,2020-12-22 18:01:47,2020-12-22 18:01:47
421,329,405,2020-12-22 18:01:47,2020-12-22 18:01:47
422,330,406,2020-12-22 18:01:47,2020-12-22 18:01:47
423,331,407,2020-12-22 18:01:47,2020-12-22 18:01:47
424,332,408,2020-12-22 18:01:47,2020-12-22 18:01:47
425,334,409,2020-12-22 18:01:47,2020-12-22 18:01:47
426,336,410,2020-12-22 18:01:47,2020-12-22 18:01:47
427,336,411,2020-12-22 18:01:47,2020-12-22 18:01:47
428,336,412,2020-12-22 18:01:47,2020-12-22 18:01:47
429,337,413,2020-12-22 18:01:47,2020-12-22 18:01:47
430,337,414,2020-12-22 18:01:47,2020-12-22 18:01:47
431,337,415,2020-12-22 18:01:47,2020-12-22 18:01:47
432,337,416,2020-12-22 18:01:47,2020-12-22 18:01:47
433,337,417,2020-12-22 18:01:47,2020-12-22 18:01:47
434,338,418,2020-12-22 18:01:47,2020-12-22 18:01:47
435,339,419,2020-12-22 18:01:48,2020-12-22 18:01:48
436,340,420,2020-12-22 18:01:48,2020-12-22 18:01:48
437,341,421,2020-12-22 18:01:48,2020-12-22 18:01:48
438,342,422,2020-12-22 18:01:48,2020-12-22 18:01:48
439,342,423,2020-12-22 18:01:48,2020-12-22 18:01:48
440,342,424,2020-12-22 18:01:48,2020-12-22 18:01:48
441,342,425,2020-12-22 18:01:48,2020-12-22 18:01:48
442,343,426,2020-12-22 18:01:48,2020-12-22 18:01:48
443,344,427,2020-12-22 18:01:48,2020-12-22 18:01:48
444,346,428,2020-12-22 18:01:48,2020-12-22 18:01:48
445,348,429,2020-12-22 18:01:48,2020-12-22 18:01:48
446,349,430,2020-12-22 18:01:48,2020-12-22 18:01:48
447,350,431,2020-12-22 18:01:49,2020-12-22 18:01:49
448,350,432,2020-12-22 18:01:49,2020-12-22 18:01:49
449,351,433,2020-12-22 18:01:49,2020-12-22 18:01:49
450,352,434,2020-12-22 18:01:49,2020-12-22 18:01:49
451,354,435,2020-12-22 18:01:49,2020-12-22 18:01:49
452,357,436,2020-12-22 18:01:49,2020-12-22 18:01:49
453,358,437,2020-12-22 18:01:49,2020-12-22 18:01:49
454,360,438,2020-12-22 18:01:49,2020-12-22 18:01:49
455,361,439,2020-12-22 18:01:49,2020-12-22 18:01:49
456,362,440,2020-12-22 18:01:49,2020-12-22 18:01:49
457,362,441,2020-12-22 18:01:49,2020-12-22 18:01:49
458,363,442,2020-12-22 18:01:49,2020-12-22 18:01:49
459,364,443,2020-12-22 18:01:49,2020-12-22 18:01:49
460,365,444,2020-12-22 18:01:50,2020-12-22 18:01:50
461,366,445,2020-12-22 18:01:50,2020-12-22 18:01:50
462,369,446,2020-12-22 18:01:50,2020-12-22 18:01:50
463,369,348,2020-12-22 18:01:50,2020-12-22 18:01:50
464,369,349,2020-12-22 18:01:50,2020-12-22 18:01:50
465,369,447,2020-12-22 18:01:50,2020-12-22 18:01:50
466,369,448,2020-12-22 18:01:50,2020-12-22 18:01:50
467,369,449,2020-12-22 18:01:50,2020-12-22 18:01:50
468,370,450,2020-12-22 18:01:50,2020-12-22 18:01:50
469,370,451,2020-12-22 18:01:50,2020-12-22 18:01:50
470,370,452,2020-12-22 18:01:50,2020-12-22 18:01:50
471,370,453,2020-12-22 18:01:50,2020-12-22 18:01:50
472,370,454,2020-12-22 18:01:50,2020-12-22 18:01:50
473,370,455,2020-12-22 18:01:50,2020-12-22 18:01:50
474,370,456,2020-12-22 18:01:50,2020-12-22 18:01:50
475,370,457,2020-12-22 18:01:50,2020-12-22 18:01:50
476,370,458,2020-12-22 18:01:50,2020-12-22 18:01:50
477,370,459,2020-12-22 18:01:50,2020-12-22 18:01:50
478,370,460,2020-12-22 18:01:50,2020-12-22 18:01:50
479,370,461,2020-12-22 18:01:50,2020-12-22 18:01:50
480,371,462,2020-12-22 18:01:50,2020-12-22 18:01:50
481,372,463,2020-12-22 18:01:51,2020-12-22 18:01:51
482,373,464,2020-12-22 18:01:51,2020-12-22 18:01:51
483,373,465,2020-12-22 18:01:51,2020-12-22 18:01:51
484,374,465,2020-12-22 18:01:51,2020-12-22 18:01:51
485,375,466,2020-12-22 18:01:51,2020-12-22 18:01:51
486,376,467,2020-12-22 18:01:51,2020-12-22 18:01:51
487,377,468,2020-12-22 18:01:51,2020-12-22 18:01:51
488,377,469,2020-12-22 18:01:51,2020-12-22 18:01:51
489,378,470,2020-12-22 18:01:51,2020-12-22 18:01:51
490,380,471,2020-12-22 18:01:51,2020-12-22 18:01:51
491,381,472,2020-12-22 18:01:51,2020-12-22 18:01:51
492,382,473,2020-12-22 18:01:51,2020-12-22 18:01:51
493,383,474,2020-12-22 18:01:51,2020-12-22 18:01:51
494,384,475,2020-12-22 18:01:51,2020-12-22 18:01:51
495,384,476,2020-12-22 18:01:51,2020-12-22 18:01:51
496,386,477,2020-12-22 18:01:51,2020-12-22 18:01:51
497,386,478,2020-12-22 18:01:51,2020-12-22 18:01:51
498,387,479,2020-12-22 18:01:52,2020-12-22 18:01:52
499,388,480,2020-12-22 18:01:52,2020-12-22 18:01:52
500,388,481,2020-12-22 18:01:52,2020-12-22 18:01:52
501,388,482,2020-12-22 18:01:52,2020-12-22 18:01:52
502,389,483,2020-12-22 18:01:52,2020-12-22 18:01:52
503,389,484,2020-12-22 18:01:52,2020-12-22 18:01:52
504,389,485,2020-12-22 18:01:52,2020-12-22 18:01:52
505,389,486,2020-12-22 18:01:52,2020-12-22 18:01:52
506,389,487,2020-12-22 18:01:52,2020-12-22 18:01:52
507,390,488,2020-12-22 18:01:52,2020-12-22 18:01:52
508,391,489,2020-12-22 18:01:52,2020-12-22 18:01:52
509,392,490,2020-12-22 18:01:52,2020-12-22 18:01:52
510,392,491,2020-12-22 18:01:52,2020-12-22 18:01:52
511,394,492,2020-12-22 18:01:52,2020-12-22 18:01:52
512,395,493,2020-12-22 18:01:52,2020-12-22 18:01:52
513,396,494,2020-12-22 18:01:53,2020-12-22 18:01:53
514,396,495,2020-12-22 18:01:53,2020-12-22 18:01:53
515,397,496,2020-12-22 18:01:53,2020-12-22 18:01:53
516,398,497,2020-12-22 18:01:53,2020-12-22 18:01:53
517,399,498,2020-12-22 18:01:53,2020-12-22 18:01:53
518,400,499,2020-12-22 18:01:53,2020-12-22 18:01:53
519,401,500,2020-12-22 18:01:53,2020-12-22 18:01:53
520,402,501,2020-12-22 18:01:53,2020-12-22 18:01:53
521,403,502,2020-12-22 18:01:53,2020-12-22 18:01:53
522,405,503,2020-12-22 18:01:53,2020-12-22 18:01:53
523,406,504,2020-12-22 18:01:53,2020-12-22 18:01:53
524,407,505,2020-12-22 18:01:53,2020-12-22 18:01:53
525,408,506,2020-12-22 18:01:53,2020-12-22 18:01:53
526,409,507,2020-12-22 18:01:54,2020-12-22 18:01:54
527,409,181,2020-12-22 18:01:54,2020-12-22 18:01:54
528,410,508,2020-12-22 18:01:54,2020-12-22 18:01:54
529,410,304,2020-12-22 18:01:54,2020-12-22 18:01:54
530,411,509,2020-12-22 18:01:54,2020-12-22 18:01:54
531,413,510,2020-12-22 18:01:54,2020-12-22 18:01:54
532,414,511,2020-12-22 18:01:54,2020-12-22 18:01:54
533,415,293,2020-12-22 18:01:54,2020-12-22 18:01:54
534,416,512,2020-12-22 18:01:54,2020-12-22 18:01:54
535,417,513,2020-12-22 18:01:54,2020-12-22 18:01:54
536,419,514,2020-12-22 18:01:54,2020-12-22 18:01:54
537,420,66,2020-12-22 18:01:54,2020-12-22 18:01:54
538,421,515,2020-12-22 18:01:54,2020-12-22 18:01:54
539,422,516,2020-12-22 18:01:54,2020-12-22 18:01:54
540,423,517,2020-12-22 18:01:55,2020-12-22 18:01:55
541,425,518,2020-12-22 18:01:55,2020-12-22 18:01:55
542,426,519,2020-12-22 18:01:55,2020-12-22 18:01:55
543,426,520,2020-12-22 18:01:55,2020-12-22 18:01:55
544,427,521,2020-12-22 18:01:55,2020-12-22 18:01:55
545,430,522,2020-12-22 18:01:55,2020-12-22 18:01:55
546,431,523,2020-12-22 18:01:55,2020-12-22 18:01:55
547,433,524,2020-12-22 18:01:55,2020-12-22 18:01:55
548,435,525,2020-12-22 18:01:55,2020-12-22 18:01:55
549,435,526,2020-12-22 18:01:55,2020-12-22 18:01:55
550,436,527,2020-12-22 18:01:55,2020-12-22 18:01:55
551,437,528,2020-12-22 18:01:55,2020-12-22 18:01:55
552,439,529,2020-12-22 18:01:55,2020-12-22 18:01:55
553,442,530,2020-12-22 18:01:56,2020-12-22 18:01:56
554,443,531,2020-12-22 18:01:56,2020-12-22 18:01:56
555,444,532,2020-12-22 18:01:56,2020-12-22 18:01:56
556,445,533,2020-12-22 18:01:56,2020-12-22 18:01:56
557,446,534,2020-12-22 18:01:56,2020-12-22 18:01:56
558,447,535,2020-12-22 18:01:56,2020-12-22 18:01:56
559,447,536,2020-12-22 18:01:56,2020-12-22 18:01:56
560,447,537,2020-12-22 18:01:56,2020-12-22 18:01:56
561,449,538,2020-12-22 18:01:56,2020-12-22 18:01:56
562,451,539,2020-12-22 18:01:56,2020-12-22 18:01:56
563,452,540,2020-12-22 18:01:56,2020-12-22 18:01:56
564,453,541,2020-12-22 18:01:56,2020-12-22 18:01:56
565,454,542,2020-12-22 18:01:57,2020-12-22 18:01:57
566,456,543,2020-12-22 18:01:57,2020-12-22 18:01:57
567,456,544,2020-12-22 18:01:57,2020-12-22 18:01:57
568,457,545,2020-12-22 18:01:57,2020-12-22 18:01:57
569,458,546,2020-12-22 18:01:57,2020-12-22 18:01:57
570,459,547,2020-12-22 18:01:57,2020-12-22 18:01:57
571,461,548,2020-12-22 18:01:57,2020-12-22 18:01:57
572,461,549,2020-12-22 18:01:57,2020-12-22 18:01:57
573,462,550,2020-12-22 18:01:57,2020-12-22 18:01:57
574,464,551,2020-12-22 18:01:57,2020-12-22 18:01:57
575,464,552,2020-12-22 18:01:57,2020-12-22 18:01:57
576,464,553,2020-12-22 18:01:57,2020-12-22 18:01:57
577,464,554,2020-12-22 18:01:57,2020-12-22 18:01:57
578,464,555,2020-12-22 18:01:57,2020-12-22 18:01:57
579,464,556,2020-12-22 18:01:57,2020-12-22 18:01:57
580,464,557,2020-12-22 18:01:57,2020-12-22 18:01:57
581,464,558,2020-12-22 18:01:57,2020-12-22 18:01:57
582,466,559,2020-12-22 18:01:58,2020-12-22 18:01:58
583,467,560,2020-12-22 18:01:58,2020-12-22 18:01:58
584,468,561,2020-12-22 18:01:58,2020-12-22 18:01:58
585,469,562,2020-12-22 18:01:58,2020-12-22 18:01:58
586,470,563,2020-12-22 18:01:58,2020-12-22 18:01:58
587,471,564,2020-12-22 18:01:58,2020-12-22 18:01:58
588,472,565,2020-12-22 18:01:58,2020-12-22 18:01:58
589,473,566,2020-12-22 18:01:58,2020-12-22 18:01:58
590,474,567,2020-12-22 18:01:58,2020-12-22 18:01:58
591,475,568,2020-12-22 18:01:58,2020-12-22 18:01:58
592,476,569,2020-12-22 18:01:58,2020-12-22 18:01:58
593,476,570,2020-12-22 18:01:58,2020-12-22 18:01:58
594,477,571,2020-12-22 18:01:59,2020-12-22 18:01:59
595,479,572,2020-12-22 18:01:59,2020-12-22 18:01:59
596,479,573,2020-12-22 18:01:59,2020-12-22 18:01:59
597,479,574,2020-12-22 18:01:59,2020-12-22 18:01:59
598,479,575,2020-12-22 18:01:59,2020-12-22 18:01:59
599,479,576,2020-12-22 18:01:59,2020-12-22 18:01:59
600,479,577,2020-12-22 18:01:59,2020-12-22 18:01:59
601,479,578,2020-12-22 18:01:59,2020-12-22 18:01:59
602,480,579,2020-12-22 18:01:59,2020-12-22 18:01:59
603,480,580,2020-12-22 18:01:59,2020-12-22 18:01:59
604,481,581,2020-12-22 18:01:59,2020-12-22 18:01:59
605,482,582,2020-12-22 18:01:59,2020-12-22 18:01:59
606,483,583,2020-12-22 18:01:59,2020-12-22 18:01:59
607,484,584,2020-12-22 18:01:59,2020-12-22 18:01:59
608,485,60,2020-12-22 18:01:59,2020-12-22 18:01:59
609,486,585,2020-12-22 18:01:59,2020-12-22 18:01:59
610,486,586,2020-12-22 18:01:59,2020-12-22 18:01:59
611,486,587,2020-12-22 18:01:59,2020-12-22 18:01:59
612,487,588,2020-12-22 18:01:59,2020-12-22 18:01:59
613,487,589,2020-12-22 18:01:59,2020-12-22 18:01:59
614,487,590,2020-12-22 18:02:00,2020-12-22 18:02:00
615,488,591,2020-12-22 18:02:00,2020-12-22 18:02:00
616,489,592,2020-12-22 18:02:00,2020-12-22 18:02:00
617,490,593,2020-12-22 18:02:00,2020-12-22 18:02:00
618,492,594,2020-12-22 18:02:00,2020-12-22 18:02:00
619,493,595,2020-12-22 18:02:00,2020-12-22 18:02:00
620,494,596,2020-12-22 18:02:00,2020-12-22 18:02:00
621,495,597,2020-12-22 18:02:00,2020-12-22 18:02:00
622,495,598,2020-12-22 18:02:00,2020-12-22 18:02:00
623,495,599,2020-12-22 18:02:00,2020-12-22 18:02:00
624,495,600,2020-12-22 18:02:00,2020-12-22 18:02:00
625,495,601,2020-12-22 18:02:00,2020-12-22 18:02:00
626,496,602,2020-12-22 18:02:00,2020-12-22 18:02:00
627,497,603,2020-12-22 18:02:00,2020-12-22 18:02:00
628,497,604,2020-12-22 18:02:00,2020-12-22 18:02:00
629,497,605,2020-12-22 18:02:00,2020-12-22 18:02:00
630,499,606,2020-12-22 18:02:00,2020-12-22 18:02:00
631,500,607,2020-12-22 18:02:01,2020-12-22 18:02:01
632,501,608,2020-12-22 18:02:01,2020-12-22 18:02:01
633,501,609,2020-12-22 18:02:01,2020-12-22 18:02:01
634,502,610,2020-12-22 18:02:01,2020-12-22 18:02:01
635,502,611,2020-12-22 18:02:01,2020-12-22 18:02:01
636,502,612,2020-12-22 18:02:01,2020-12-22 18:02:01
637,503,613,2020-12-22 18:02:01,2020-12-22 18:02:01
638,504,614,2020-12-22 18:02:01,2020-12-22 18:02:01
639,505,615,2020-12-22 18:02:01,2020-12-22 18:02:01
640,505,330,2020-12-22 18:02:01,2020-12-22 18:02:01
641,505,331,2020-12-22 18:02:01,2020-12-22 18:02:01
642,505,616,2020-12-22 18:02:01,2020-12-22 18:02:01
643,505,617,2020-12-22 18:02:01,2020-12-22 18:02:01
644,506,618,2020-12-22 18:02:01,2020-12-22 18:02:01
645,508,619,2020-12-22 18:02:01,2020-12-22 18:02:01
646,509,620,2020-12-22 18:02:01,2020-12-22 18:02:01
647,510,324,2020-12-22 18:02:01,2020-12-22 18:02:01
648,512,621,2020-12-22 18:02:02,2020-12-22 18:02:02
649,514,622,2020-12-22 18:02:02,2020-12-22 18:02:02
650,514,623,2020-12-22 18:02:02,2020-12-22 18:02:02
651,514,624,2020-12-22 18:02:02,2020-12-22 18:02:02
652,514,625,2020-12-22 18:02:02,2020-12-22 18:02:02
653,514,626,2020-12-22 18:02:02,2020-12-22 18:02:02
654,514,107,2020-12-22 18:02:02,2020-12-22 18:02:02
655,514,627,2020-12-22 18:02:02,2020-12-22 18:02:02
656,515,628,2020-12-22 18:02:02,2020-12-22 18:02:02
657,516,629,2020-12-22 18:02:02,2020-12-22 18:02:02
658,517,630,2020-12-22 18:02:02,2020-12-22 18:02:02
659,518,631,2020-12-22 18:02:02,2020-12-22 18:02:02
