id,disease_id,name,description,created_at,updated_at,meshid,phenotype_id
1,,,,2021-01-19 16:47:49,2021-02-25 16:57:51,"D012868""]",182
2,,,,2021-01-19 16:47:49,2021-01-19 16:47:49,"[""D012871""]",182
3,,,,2021-01-19 16:47:49,2021-01-19 16:47:49,,182
4,,,,2021-01-19 16:50:54,2021-01-19 16:50:54,"[""D012868""]",182
5,,,,2021-01-19 16:50:54,2021-01-19 16:50:54,"[""D012871""]",182
6,,,,2021-01-19 16:51:45,2021-01-19 16:51:45,"[""D012868""]",182
7,,,,2021-01-19 16:51:45,2021-01-19 16:51:45,"[""D012871""]",182
8,,,,2021-01-19 16:51:49,2021-01-19 16:51:49,"[""D011537""]",518
9,,,,2021-01-19 16:52:19,2021-01-19 16:52:19,"[""D003872""]",1598
10,,,,2021-01-19 16:52:20,2021-01-19 16:52:20,"[""D011565""]",1253
11,,,,2021-01-19 16:52:26,2021-01-19 16:52:26,"[""D004893""]",857
12,,,,2021-01-19 16:52:29,2021-01-19 16:52:29,"[""D011565""]",2236
13,,,,2021-01-19 16:52:37,2021-01-19 16:52:37,"[""D017497""]",2637
14,,,,2021-01-19 16:52:41,2021-01-19 16:52:41,"[""D005076""]",7
15,,,,2021-01-19 16:52:48,2021-01-19 16:52:48,"[""D008179""]",6169
16,,,,2021-01-19 16:52:57,2021-01-19 16:52:57,"[""D004881""]",1003
17,,,,2021-01-19 16:52:57,2021-01-19 16:52:57,"[""D004886""]",1003
18,,,,2021-01-19 16:53:06,2021-01-19 16:53:06,"[""D004485""]",522
19,,,,2021-01-19 16:53:09,2021-01-19 16:53:09,"[""D012628""]",549
20,,,,2021-01-19 16:53:15,2021-01-19 16:53:15,"[""D003876""]",2640
21,,,,2021-01-19 16:53:21,2021-01-19 16:53:21,"[""D004485""]",615
22,,,,2021-01-19 16:53:27,2021-01-19 16:53:27,"[""D002178""]",614
23,,,,2021-01-19 16:53:37,2021-01-19 16:53:37,"[""D011711""]",3755
24,,,,2021-01-19 16:53:46,2021-01-19 16:53:46,"[""D003873""]",713
25,,,,2021-01-19 16:54:10,2021-01-19 16:54:10,"[""D012878""]",487
26,,,,2021-01-19 16:54:10,2021-01-19 16:54:10,"[""D012514""]",4266
27,,,,2021-01-19 16:54:22,2021-01-19 16:54:22,"[""D062685""]",1838
28,,,,2021-01-19 16:54:26,2021-01-19 16:54:26,"[""D034701""]",1565
29,,,,2021-01-19 16:54:30,2021-01-19 16:54:30,"[""D002280""]",364
30,,,,2021-01-19 16:54:33,2021-01-19 16:54:33,"[""D010212""]",221
31,,,,2021-01-19 16:54:34,2021-01-19 16:54:34,"[""D014860""]",789
32,,,,2021-01-19 16:54:42,2021-01-19 16:54:42,"[""D020288""]",1790
33,,,,2021-01-19 16:54:52,2021-01-19 16:54:52,"[""D018266""]",2362
34,,,,2021-01-19 16:54:55,2021-01-19 16:54:55,"[""D018296""]",1875
35,,,,2021-01-19 16:55:20,2021-01-19 16:55:20,"[""C535516""]",2483
36,,,,2021-01-19 16:55:23,2021-01-19 16:55:23,"[""D015266""]",357
37,,,,2021-01-19 16:55:33,2021-01-19 16:55:33,"[""D002294""]",790
38,,,,2021-01-19 16:55:33,2021-01-19 16:55:33,"[""D018307""]",790
39,,,,2021-01-19 16:55:39,2021-01-19 16:55:39,"[""D014402""]",224
40,,,,2021-01-19 16:55:41,2021-01-19 16:55:41,"[""D008545""]",1470
41,,,,2021-01-19 16:55:58,2021-01-19 16:55:58,"[""D017253""]",2682
42,,,,2021-01-19 16:56:08,2021-01-19 16:56:08,"[""C537392""]",6232
43,,,,2021-01-19 16:56:12,2021-01-19 16:56:12,"[""D018318""]",985
44,,,,2021-01-19 16:56:45,2021-01-19 16:56:45,"[""D000051""]",553
45,,,,2021-01-19 16:56:59,2021-01-19 16:56:59,"[""D009794""]",9615
46,,,,2021-01-19 16:57:17,2021-01-19 16:57:17,"[""D019080""]",903
47,,,,2021-01-19 16:57:18,2021-01-19 16:57:18,"[""C537421""]",246
48,,,,2021-01-19 16:57:23,2021-01-19 16:57:23,"[""D014973""]",70
49,,,,2021-01-19 16:57:33,2021-01-19 16:57:33,"[""D014973""]",2134
50,,,,2021-01-19 16:57:44,2021-01-19 16:57:44,"[""D049328""]",7886
51,,,,2021-01-19 16:58:10,2021-01-19 16:58:10,"[""D012883""]",132
52,,,,2021-01-19 16:58:15,2021-01-19 16:58:15,"[""D003668""]",9626
53,,,,2021-01-19 16:58:48,2021-01-19 16:58:48,"[""C563015""]",5113
54,,,,2021-01-19 16:59:07,2021-01-19 16:59:07,"[""D057896""]",1687
55,,,,2021-01-19 16:59:26,2021-01-19 16:59:26,"[""D004476""]",994
56,,,,2021-01-19 16:59:48,2021-01-19 16:59:48,"[""D004814""]",1836
57,,,,2021-01-19 16:59:50,2021-01-19 16:59:50,"[""D017043""]",9636
58,,,,2021-01-19 17:00:07,2021-01-19 17:00:07,"[""D006726""]",9640
59,,,,2021-01-19 17:00:13,2021-01-19 17:00:13,"[""D017043""]",9636
60,,,,2021-01-19 17:00:16,2021-01-19 17:00:16,"[""D014973""]",2134
61,,,,2021-01-19 17:00:56,2021-01-19 17:00:56,"[""D009508""]",965
62,,,,2021-01-19 17:00:56,2021-01-19 17:00:56,"[""D009506""]",965
63,,,,2021-01-19 17:00:59,2021-01-19 17:00:59,"[""D019339""]",17
64,,,,2021-01-19 17:01:09,2021-01-19 17:01:09,"[""C562737""]",2737
65,,,,2021-01-19 17:01:14,2021-01-19 17:01:14,"[""D009508""]",231
66,,,,2021-01-19 17:01:15,2021-01-19 17:01:15,"[""C536819""]",2364
67,,,,2021-01-19 17:01:24,2021-01-19 17:01:24,"[""D004416""]",3766
68,,,,2021-01-19 17:01:26,2021-01-19 17:01:26,"[""C580062""]",924
69,,,,2021-01-19 17:01:29,2021-01-19 17:01:29,"[""D054000""]",2462
70,,,,2021-01-19 17:01:30,2021-01-19 17:01:30,"[""D054000""]",2461
71,,,,2021-01-19 17:01:34,2021-01-19 17:01:34,"[""D009507""]",9655
72,,,,2021-01-19 17:01:35,2021-01-19 17:01:35,"[""D049328""]",1965
73,,,,2021-01-19 17:02:15,2021-01-19 17:02:16,"[""D019339""]",17
74,,,,2021-01-19 17:02:32,2021-01-19 17:02:32,"[""C537412""]",2750
75,,,,2021-01-19 17:02:34,2021-01-19 17:02:34,"[""D007627""]",873
76,,,,2021-01-19 17:02:45,2021-01-19 17:02:45,"[""D010787""]",359
77,,,,2021-01-19 17:03:03,2021-01-19 17:03:03,"[""D015595""]",201
78,,,,2021-01-19 17:03:23,2021-01-19 17:03:23,"[""D004476""]",151
79,,,,2021-01-19 17:03:24,2021-01-19 17:03:24,"[""D053358""]",1131
80,,,,2021-01-19 17:03:26,2021-01-19 17:03:26,"[""D004476""]",3144
81,,,,2021-01-19 17:03:28,2021-01-19 17:03:28,"[""D004476""]",2832
82,,,,2021-01-19 17:04:05,2021-01-19 17:04:05,"[""D003490""]",1200
83,,,,2021-01-19 17:04:15,2021-01-19 17:04:15,"[""D007565""]",2291
84,,,,2021-01-19 17:04:18,2021-01-19 17:04:18,"[""D007567""]",748
85,,,,2021-01-19 17:04:22,2021-01-19 17:04:22,"[""D017445""]",382
86,,,,2021-01-19 17:04:24,2021-01-19 17:04:24,"[""D000799""]",3183
87,,,,2021-01-19 17:04:26,2021-01-19 17:04:26,"[""D000794""]",2342
88,,,,2021-01-19 17:04:27,2021-01-19 17:04:27,"[""D000795""]",3767
89,,,,2021-01-19 17:04:32,2021-01-19 17:04:32,"[""D014581""]",521
90,,,,2021-01-19 17:04:54,2021-01-19 17:04:54,"[""D004438""]",641
91,,,,2021-01-19 17:04:56,2021-01-19 17:04:56,"[""D011693""]",2096
92,,,,2021-01-19 17:04:58,2021-01-19 17:04:58,"[""D011693""]",642
93,,,,2021-01-19 17:05:12,2021-01-19 17:05:12,"[""D013684""]",1231
94,,,,2021-01-19 17:06:05,2021-01-19 17:06:05,"[""D005483""]",515
95,,,,2021-01-19 17:06:05,2021-01-19 17:06:05,"[""D004890""]",515
96,,,,2021-01-19 17:06:18,2021-01-19 17:06:18,"[""D001821""]",2300
97,,,,2021-01-19 17:06:18,2021-01-19 17:06:18,"[""D012393""]",2300
98,,,,2021-01-19 17:07:05,2021-01-19 17:07:05,"[""D010167""]",1644
99,,,,2021-01-19 17:07:10,2021-01-19 17:07:10,"[""D057896""]",1687
100,,,,2021-01-19 17:07:35,2021-01-19 17:07:35,"[""D003483""]",759
101,,,,2021-01-19 17:07:35,2021-01-19 17:07:35,"[""C531660""]",759
102,,,,2021-01-19 17:08:04,2021-01-19 17:08:04,"[""D007645""]",211
103,,,,2021-01-19 17:08:34,2021-01-19 17:08:34,"[""C563185""]",805
104,,,,2021-01-19 17:09:26,2021-01-19 17:09:26,"[""C563185""]",805
105,,,,2021-01-19 17:09:32,2021-01-19 17:09:32,"[""D007645""]",211
106,,,,2021-01-19 17:10:02,2021-01-19 17:10:02,"[""C535494""]",869
107,,,,2021-01-19 17:10:09,2021-01-19 17:10:09,"[""D010304""]",610
108,,,,2021-01-19 17:10:19,2021-01-19 17:10:19,"[""D011625""]",889
109,,,,2021-01-19 17:10:22,2021-01-19 17:10:22,"[""C566738""]",1670
110,,,,2021-01-19 17:10:36,2021-01-19 17:10:36,"[""C565010""]",207
111,,,,2021-01-19 17:11:24,2021-01-19 17:11:24,"[""D011565""]",2236
112,,,,2021-01-19 17:11:30,2021-01-19 17:11:30,"[""D012594""]",1242
113,,,,2021-01-19 17:11:35,2021-01-19 17:11:35,"[""D012594""]",9718
114,,,,2021-01-19 17:11:45,2021-01-19 17:11:45,"[""D007645""]",211
115,,,,2021-01-19 17:12:11,2021-01-19 17:12:11,"[""D007645""]",220
116,,,,2021-01-19 17:12:16,2021-01-19 17:12:16,"[""C563422""]",6162
117,,,,2021-01-19 17:12:18,2021-01-19 17:12:18,"[""D015776""]",1234
118,,,,2021-01-19 17:12:36,2021-01-19 17:12:36,"[""C538377""]",1363
119,,,,2021-01-19 17:12:38,2021-01-19 17:12:38,"[""D007645""]",211
120,,,,2021-01-19 17:13:01,2021-01-19 17:13:01,"[""D017499""]",1815
121,,,,2021-01-19 17:13:07,2021-01-19 17:13:07,"[""D010241""]",721
122,,,,2021-01-19 17:13:11,2021-01-19 17:13:11,"[""D007057""]",625
123,,,,2021-01-19 17:13:17,2021-01-19 17:13:17,"[""D053546""]",2499
124,,,,2021-01-19 17:13:19,2021-01-19 17:13:19,"[""D016113""]",1014
125,,,,2021-01-19 17:13:20,2021-01-19 17:13:20,"[""D017490""]",397
126,,,,2021-01-19 17:13:22,2021-01-19 17:13:22,"[""D017488""]",3106
127,,,,2021-01-19 17:13:26,2021-01-19 17:13:26,"[""D000052""]",1071
128,,,,2021-01-19 17:13:48,2021-01-19 17:13:48,"[""D008548""]",791
129,,,,2021-01-19 17:14:07,2021-01-19 17:14:07,"[""D014820""]",1494
130,,,,2021-01-19 17:14:11,2021-01-19 17:14:11,"[""D017495""]",1050
131,,,,2021-01-19 17:14:40,2021-01-19 17:14:40,"[""D049328""]",7886
132,,,,2021-01-19 17:14:45,2021-01-19 17:14:45,"[""C562400""]",9722
133,,,,2021-01-19 17:15:11,2021-01-19 17:15:11,"[""D017496""]",761
134,,,,2021-01-19 17:15:24,2021-01-19 17:15:24,"[""D016116""]",595
135,,,,2021-01-19 17:15:33,2021-01-19 17:15:33,"[""D016116""]",596
136,,,,2021-01-19 17:15:57,2021-01-19 17:15:57,"[""D000417""]",598
137,,,,2021-01-19 17:16:06,2021-01-19 17:16:06,"[""D009508""]",231
138,,,,2021-01-19 17:16:07,2021-01-19 17:16:07,"[""C536819""]",2364
139,,,,2021-02-25 17:26:40,2021-02-25 17:26:40,"[""C538187""]",NULL
140,,,,2021-02-25 17:26:44,2021-02-25 17:26:44,"[""C535653""]",NULL
141,,,,2021-02-25 17:26:50,2021-02-25 17:26:50,"[""D016463""]",NULL
142,,,,2021-02-25 17:26:53,2021-02-25 17:26:53,"[""D017118""]",NULL
143,,,,2021-02-25 17:26:56,2021-02-25 17:26:56,"[""C538225""]",NULL
144,,,,2021-02-25 17:27:00,2021-02-25 17:27:00,"[""D000274""]",NULL
145,,,,2021-02-25 17:27:03,2021-02-25 17:27:03,"[""C538052""]",NULL
146,,,,2021-02-25 17:27:05,2021-02-25 17:27:05,"[""D015459""]",NULL
147,,,,2021-02-25 17:27:09,2021-02-25 17:27:09,"[""C535334""]",NULL
148,,,,2021-02-25 17:27:12,2021-02-25 17:27:12,"[""C537042""]",NULL
149,,,,2021-02-25 17:27:19,2021-02-25 17:27:19,"[""C537043""]",NULL
150,,,,2021-02-25 17:27:22,2021-02-25 17:27:22,"[""C537862""]",NULL
151,,,,2021-02-25 17:27:28,2021-02-25 17:27:28,"[""C537055""]",NULL
152,,,,2021-02-25 17:27:31,2021-02-25 17:27:31,"[""C537057""]",NULL
153,,,,2021-02-25 17:27:34,2021-02-25 17:27:34,"[""C537051""]",NULL
154,,,,2021-02-25 17:27:40,2021-02-25 17:27:40,"[""C536605""]",NULL
155,,,,2021-02-25 17:27:43,2021-02-25 17:27:43,"[""C538245""]",NULL
156,,,,2021-02-25 17:27:52,2021-02-25 17:27:52,"[""C535289""]",NULL
157,,,,2021-02-25 17:28:07,2021-02-25 17:28:07,"[""C536840""]",NULL
158,,,,2021-02-25 17:28:10,2021-02-25 17:28:10,"[""C537788""]",NULL
159,,,,2021-02-25 17:28:13,2021-02-25 17:28:13,"[""C537427""]",NULL
160,,,,2021-02-25 17:28:26,2021-02-25 17:28:26,"[""C535382""]",NULL
161,,,,2021-02-25 17:28:28,2021-02-25 17:28:28,"[""D001260""]",NULL
162,,,,2021-02-25 17:28:37,2021-02-25 17:28:37,"[""C531759""]",NULL
163,,,,2021-02-25 17:28:55,2021-02-25 17:28:55,"[""D046351""]",NULL
164,,,,2021-02-25 17:28:58,2021-02-25 17:28:58,"[""C535336""]",NULL
165,,,,2021-02-25 17:29:04,2021-02-25 17:29:04,"[""C537908""]",NULL
166,,,,2021-02-25 17:29:14,2021-02-25 17:29:14,"[""C536618""]",NULL
167,,,,2021-02-25 17:29:20,2021-02-25 17:29:20,"[""C537663""]",NULL
168,,,,2021-02-25 17:29:29,2021-02-25 17:29:29,"[""D001528""]",NULL
169,,,,2021-02-25 17:29:32,2021-02-25 17:29:32,"[""D028921""]",NULL
170,,,,2021-02-25 17:29:35,2021-02-25 17:29:35,"[""D058249""]",NULL
171,,,,2021-02-25 17:29:37,2021-02-25 17:29:37,"[""C537633""]",NULL
172,,,,2021-02-25 17:29:46,2021-02-25 17:29:46,"[""D001816""]",NULL
173,,,,2021-02-25 17:29:52,2021-02-25 17:29:52,"[""C536240""]",NULL
174,,,,2021-02-25 17:30:04,2021-02-25 17:30:04,"[""C537415""]",NULL
175,,,,2021-02-25 17:30:07,2021-02-25 17:30:07,"[""C537966""]",NULL
176,,,,2021-02-25 17:30:16,2021-02-25 17:30:16,"[""C535572""]",NULL
177,,,,2021-02-25 17:30:25,2021-02-25 17:30:25,"[""C535579""]",NULL
178,,,,2021-02-25 17:30:28,2021-02-25 17:30:28,"[""D056733""]",NULL
179,,,,2021-02-25 17:30:31,2021-02-25 17:30:31,"[""C535916""]",NULL
180,,,,2021-02-25 17:30:34,2021-02-25 17:30:34,"[""C535350""]",NULL
181,,,,2021-02-25 17:30:44,2021-02-25 17:30:44,"[""D019294""]",NULL
182,,,,2021-02-25 17:30:56,2021-02-25 17:30:56,"[""D002609""]",NULL
183,,,,2021-02-25 17:31:02,2021-02-25 17:31:02,"[""C535921""]",NULL
184,,,,2021-02-25 17:31:11,2021-02-25 17:31:11,"[""D006105""]",NULL
185,,,,2021-02-25 17:31:18,2021-02-25 17:31:18,"[""C537839""]",NULL
186,,,,2021-02-25 17:31:21,2021-02-25 17:31:21,"[""C537575""]",NULL
187,,,,2021-02-25 17:32:07,2021-02-25 17:32:07,"[""C536444""]",NULL
188,,,,2021-02-25 17:32:11,2021-02-25 17:32:11,"[""D056685""]",NULL
189,,,,2021-02-25 17:32:14,2021-02-25 17:32:14,"[""D006223""]",NULL
190,,,,2021-02-25 17:32:32,2021-02-25 17:32:32,"[""D054705""]",NULL
191,,,,2021-02-25 17:32:50,2021-02-25 17:32:50,"[""C536226""]",NULL
192,,,,2021-02-25 17:32:56,2021-02-25 17:32:56,"[""C535769""]",NULL
193,,,,2021-02-25 17:33:00,2021-02-25 17:33:00,"[""D007644""]",NULL
194,,,,2021-02-25 17:33:06,2021-02-25 17:33:06,"[""C535993""]",NULL
195,,,,2021-02-25 17:33:09,2021-02-25 17:33:09,"[""C535994""]",NULL
196,,,,2021-02-25 17:33:18,2021-02-25 17:33:18,"[""D003874""]",NULL
197,,,,2021-02-25 17:33:21,2021-02-25 17:33:21,"[""C538219""]",NULL
198,,,,2021-02-25 17:33:24,2021-02-25 17:33:24,"[""D003882""]",NULL
199,,,,2021-02-25 17:33:27,2021-02-25 17:33:27,"[""C535373""]",NULL
200,,,,2021-02-25 17:33:30,2021-02-25 17:33:30,"[""C535374""]",NULL
201,,,,2021-02-25 17:34:00,2021-02-25 17:34:00,"[""C535718""]",NULL
202,,,,2021-02-25 17:34:07,2021-02-25 17:34:07,"[""C535729""]",NULL
203,,,,2021-02-25 17:34:12,2021-02-25 17:34:12,"[""D019871""]",NULL
204,,,,2021-02-25 17:34:19,2021-02-25 17:34:19,"[""C536183""]",NULL
205,,,,2021-02-25 17:34:28,2021-02-25 17:34:28,"[""C536180""]",NULL
206,,,,2021-02-25 17:34:40,2021-02-25 17:34:40,"[""C536202""]",NULL
207,,,,2021-02-25 17:34:43,2021-02-25 17:34:43,"[""D004613""]",NULL
208,,,,2021-02-25 17:34:46,2021-02-25 17:34:46,"[""C535736""]",NULL
209,,,,2021-02-25 17:34:48,2021-02-25 17:34:48,"[""D004819""]",NULL
210,,,,2021-02-25 17:35:00,2021-02-25 17:35:00,"[""C535959""]",NULL
211,,,,2021-02-25 17:35:06,2021-02-25 17:35:06,"[""C535961""]",NULL
212,,,,2021-02-25 17:35:12,2021-02-25 17:35:12,"[""C535962""]",NULL
213,,,,2021-02-25 17:35:15,2021-02-25 17:35:15,"[""C535493""]",NULL
214,,,,2021-02-25 17:35:24,2021-02-25 17:35:24,"[""D031249""]",NULL
215,,,,2021-02-25 17:35:27,2021-02-25 17:35:27,"[""C535509""]",NULL
216,,,,2021-02-25 17:35:48,2021-02-25 17:35:48,"[""D054391""]",NULL
217,,,,2021-02-25 17:36:03,2021-02-25 17:36:03,"[""D004402""]",NULL
218,,,,2021-02-25 17:36:15,2021-02-25 17:36:15,"[""D052496""]",NULL
219,,,,2021-02-25 17:36:34,2021-02-25 17:36:34,"[""D005199""]",NULL
220,,,,2021-02-25 17:36:38,2021-02-25 17:36:38,"[""C537075""]",NULL
221,,,,2021-02-25 17:36:40,2021-02-25 17:36:40,"[""D009221""]",NULL
222,,,,2021-02-25 17:36:43,2021-02-25 17:36:43,"[""C537066""]",NULL
223,,,,2021-02-25 17:36:47,2021-02-25 17:36:47,"[""D005489""]",NULL
224,,,,2021-02-25 17:37:03,2021-02-25 17:37:03,"[""D005736""]",NULL
225,,,,2021-02-25 17:37:09,2021-02-25 17:37:09,"[""C535651""]",NULL
226,,,,2021-02-25 17:37:25,2021-02-25 17:37:25,"[""C537799""]",NULL
227,,,,2021-02-25 17:37:40,2021-02-25 17:37:40,"[""C537290""]",NULL
228,,,,2021-02-25 17:37:50,2021-02-25 17:37:50,"[""C537301""]",NULL
229,,,,2021-02-25 17:37:53,2021-02-25 17:37:53,"[""C537302""]",NULL
230,,,,2021-02-25 17:37:56,2021-02-25 17:37:56,"[""C537303""]",NULL
231,,,,2021-02-25 17:38:01,2021-02-25 17:38:01,"[""C537627""]",NULL
232,,,,2021-02-25 17:38:19,2021-02-25 17:38:19,"[""D006250""]",NULL
233,,,,2021-02-25 17:38:25,2021-02-25 17:38:25,"[""D017121""]",NULL
234,,,,2021-02-25 17:38:28,2021-02-25 17:38:28,"[""D046349""]",NULL
235,,,,2021-02-25 17:38:41,2021-02-25 17:38:41,"[""D008538""]",NULL
236,,,,2021-02-25 17:38:53,2021-02-25 17:38:53,"[""D028922""]",NULL
237,,,,2021-02-25 17:39:16,2021-02-25 17:39:16,"[""D053360""]",NULL
238,,,,2021-02-25 17:39:22,2021-02-25 17:39:22,"[""C537160""]",NULL
239,,,,2021-02-25 17:39:31,2021-02-25 17:39:31,"[""D053560""]",NULL
240,,,,2021-02-25 17:39:34,2021-02-25 17:39:34,"[""C536085""]",NULL
241,,,,2021-02-25 17:39:37,2021-02-25 17:39:37,"[""C536088""]",NULL
242,,,,2021-02-25 17:39:43,2021-02-25 17:39:43,"[""C536271""]",NULL
243,,,,2021-02-25 17:39:53,2021-02-25 17:39:53,"[""C536274""]",NULL
244,,,,2021-02-25 17:39:56,2021-02-25 17:39:56,"[""D007184""]",NULL
245,,,,2021-02-25 17:40:10,2021-02-25 17:40:10,"[""C535880""]",NULL
246,,,,2021-02-25 17:40:13,2021-02-25 17:40:13,"[""C535882""]",NULL
247,,,,2021-02-25 17:40:24,2021-02-25 17:40:24,"[""C538250""]",NULL
248,,,,2021-02-25 17:40:30,2021-02-25 17:40:30,"[""C536152""]",NULL
249,,,,2021-02-25 17:40:33,2021-02-25 17:40:33,"[""C536153""]",NULL
250,,,,2021-02-25 17:40:39,2021-02-25 17:40:39,"[""C536155""]",NULL
251,,,,2021-02-25 17:40:42,2021-02-25 17:40:42,"[""C536158""]",NULL
252,,,,2021-02-25 17:40:45,2021-02-25 17:40:45,"[""C536159""]",NULL
253,,,,2021-02-25 17:40:55,2021-02-25 17:40:55,"[""C536321""]",NULL
254,,,,2021-02-25 17:41:20,2021-02-25 17:41:20,"[""C537000""]",NULL
255,,,,2021-02-25 17:41:23,2021-02-25 17:41:23,"[""C548032""]",NULL
256,,,,2021-02-25 17:41:29,2021-02-25 17:41:29,"[""C537116""]",NULL
257,,,,2021-02-25 17:41:39,2021-02-25 17:41:39,"[""C535889""]",NULL
258,,,,2021-02-25 17:41:42,2021-02-25 17:41:42,"[""C535892""]",NULL
259,,,,2021-02-25 17:41:51,2021-02-25 17:41:51,"[""C535903""]",NULL
260,,,,2021-02-25 17:42:40,2021-02-25 17:42:40,"[""C537710""]",NULL
261,,,,2021-02-25 17:42:46,2021-02-25 17:42:46,"[""D017731""]",NULL
262,,,,2021-02-25 17:42:53,2021-02-25 17:42:53,"[""D054853""]",NULL
263,,,,2021-02-25 17:42:56,2021-02-25 17:42:56,"[""C535705""]",NULL
264,,,,2021-02-25 17:42:59,2021-02-25 17:42:59,"[""C535706""]",NULL
265,,,,2021-02-25 17:43:02,2021-02-25 17:43:02,"[""C535912""]",NULL
266,,,,2021-02-25 17:43:05,2021-02-25 17:43:05,"[""C536025""]",NULL
267,,,,2021-02-25 17:43:09,2021-02-25 17:43:09,"[""D005359""]",NULL
268,,,,2021-02-25 17:43:16,2021-02-25 17:43:16,"[""D008556""]",NULL
269,,,,2021-02-25 17:43:25,2021-02-25 17:43:25,"[""D054078""]",NULL
270,,,,2021-02-25 17:43:38,2021-02-25 17:43:38,"[""D056734""]",NULL
271,,,,2021-02-25 17:43:50,2021-02-25 17:43:50,"[""D009084""]",NULL
272,,,,2021-02-25 17:43:56,2021-02-25 17:43:56,"[""D055653""]",NULL
273,,,,2021-02-25 17:44:20,2021-02-25 17:44:20,"[""D009261""]",NULL
274,,,,2021-02-25 17:44:26,2021-02-25 17:44:26,"[""C538346""]",NULL
275,,,,2021-02-25 17:44:30,2021-02-25 17:44:30,"[""D058252""]",NULL
276,,,,2021-02-25 17:44:32,2021-02-25 17:44:32,"[""D009347""]",NULL
277,,,,2021-02-25 17:44:38,2021-02-25 17:44:38,"[""C536423""]",NULL
278,,,,2021-02-25 17:44:50,2021-02-25 17:44:50,"[""C536405""]",NULL
279,,,,2021-02-25 17:44:53,2021-02-25 17:44:53,"[""C537387""]",NULL
280,,,,2021-02-25 17:44:56,2021-02-25 17:44:56,"[""C537393""]",NULL
281,,,,2021-02-25 17:45:09,2021-02-25 17:45:09,"[""D010201""]",NULL
282,,,,2021-02-25 17:45:15,2021-02-25 17:45:15,"[""D009634""]",NULL
283,,,,2021-02-25 17:45:18,2021-02-25 17:45:18,"[""C537860""]",NULL
284,,,,2021-02-25 17:45:28,2021-02-25 17:45:28,"[""C537729""]",NULL
285,,,,2021-02-25 17:45:31,2021-02-25 17:45:31,"[""C537730""]",NULL
286,,,,2021-02-25 17:45:34,2021-02-25 17:45:34,"[""C537189""]",NULL
287,,,,2021-02-25 17:45:45,2021-02-25 17:45:45,"[""C537741""]",NULL
288,,,,2021-02-25 17:45:48,2021-02-25 17:45:48,"[""C537742""]",NULL
289,,,,2021-02-25 17:46:03,2021-02-25 17:46:03,"[""C536378""]",NULL
290,,,,2021-02-25 17:46:12,2021-02-25 17:46:12,"[""D053549""]",NULL
291,,,,2021-02-25 17:46:19,2021-02-25 17:46:19,"[""D010214""]",NULL
292,,,,2021-02-25 17:46:28,2021-02-25 17:46:28,"[""C536317""]",NULL
293,,,,2021-02-25 17:46:37,2021-02-25 17:46:37,"[""D010580""]",NULL
294,,,,2021-02-25 17:46:43,2021-02-25 17:46:43,"[""C537187""]",NULL
295,,,,2021-02-25 17:46:50,2021-02-25 17:46:50,"[""C537398""]",NULL
296,,,,2021-02-25 17:47:03,2021-02-25 17:47:03,"[""D010916""]",NULL
297,,,,2021-02-25 17:47:18,2021-02-25 17:47:18,"[""D017119""]",NULL
298,,,,2021-02-25 17:47:28,2021-02-25 17:47:28,"[""D011371""]",NULL
299,,,,2021-02-25 17:47:31,2021-02-25 17:47:31,"[""C536422""]",NULL
300,,,,2021-02-25 17:47:41,2021-02-25 17:47:41,"[""D056732""]",NULL
301,,,,2021-02-25 17:47:47,2021-02-25 17:47:47,"[""D016715""]",NULL
302,,,,2021-02-25 17:47:53,2021-02-25 17:47:53,"[""C535817""]",NULL
303,,,,2021-02-25 17:48:02,2021-02-25 17:48:02,"[""C548076""]",NULL
304,,,,2021-02-25 17:48:05,2021-02-25 17:48:05,"[""C531609""]",NULL
305,,,,2021-02-25 17:48:08,2021-02-25 17:48:08,"[""D011556""]",NULL
306,,,,2021-02-25 17:48:11,2021-02-25 17:48:11,"[""D011561""]",NULL
307,,,,2021-02-25 17:48:21,2021-02-25 17:48:21,"[""D017511""]",NULL
308,,,,2021-02-25 17:48:25,2021-02-25 17:48:25,"[""C536253""]",NULL
309,,,,2021-02-25 17:48:28,2021-02-25 17:48:28,"[""C538170""]",NULL
310,,,,2021-02-25 17:48:36,2021-02-25 17:48:36,"[""D056731""]",NULL
311,,,,2021-02-25 17:48:42,2021-02-25 17:48:42,"[""D012035""]",NULL
312,,,,2021-02-25 17:48:55,2021-02-25 17:48:55,"[""C535870""]",NULL
313,,,,2021-02-25 17:49:05,2021-02-25 17:49:05,"[""C536616""]",NULL
314,,,,2021-02-25 17:49:08,2021-02-25 17:49:08,"[""C536622""]",NULL
315,,,,2021-02-25 17:49:11,2021-02-25 17:49:11,"[""C536623""]",NULL
316,,,,2021-02-25 17:49:15,2021-02-25 17:49:15,"[""C536625""]",NULL
317,,,,2021-02-25 17:49:21,2021-02-25 17:49:21,"[""C536641""]",NULL
318,,,,2021-02-25 17:49:24,2021-02-25 17:49:24,"[""D053718""]",NULL
319,,,,2021-02-25 17:49:30,2021-02-25 17:49:30,"[""D012751""]",NULL
320,,,,2021-02-25 17:49:33,2021-02-25 17:49:33,"[""C537327""]",NULL
321,,,,2021-02-25 17:49:36,2021-02-25 17:49:36,"[""D016111""]",NULL
322,,,,2021-02-25 17:49:39,2021-02-25 17:49:39,"[""D018860""]",NULL
323,,,,2021-02-25 17:49:42,2021-02-25 17:49:42,"[""C535514""]",NULL
324,,,,2021-02-25 17:49:57,2021-02-25 17:49:57,"[""C537487""]",NULL
325,,,,2021-02-25 17:50:06,2021-02-25 17:50:06,"[""D013341""]",NULL
326,,,,2021-02-25 17:50:21,2021-02-25 17:50:21,"[""C536942""]",NULL
327,,,,2021-02-25 17:50:24,2021-02-25 17:50:24,"[""C536945""]",NULL
328,,,,2021-02-25 17:50:33,2021-02-25 17:50:33,"[""C536919""]",NULL
329,,,,2021-02-25 17:50:35,2021-02-25 17:50:35,"[""C536979""]",NULL
330,,,,2021-02-25 17:50:39,2021-02-25 17:50:39,"[""C536549""]",NULL
331,,,,2021-02-25 17:50:42,2021-02-25 17:50:42,"[""C536551""]",NULL
332,,,,2021-02-25 17:50:51,2021-02-25 17:50:51,"[""C536555""]",NULL
333,,,,2021-02-25 17:50:57,2021-02-25 17:50:57,"[""C536559""]",NULL
334,,,,2021-02-25 17:51:17,2021-02-25 17:51:17,"[""C536939""]",NULL
335,,,,2021-02-25 17:51:45,2021-02-25 17:51:45,"[""C536463""]",NULL
336,,,,2021-02-25 17:51:56,2021-02-25 17:51:56,"[""C536693""]",NULL
337,,,,2021-02-25 17:51:59,2021-02-25 17:51:59,"[""D014898""]",NULL
338,,,,2021-02-25 17:52:02,2021-02-25 17:52:02,"[""C536695""]",NULL
339,,,,2021-02-25 17:52:08,2021-02-25 17:52:08,"[""D014923""]",NULL
340,,,,2021-02-25 17:52:14,2021-02-25 17:52:14,"[""C536746""]",NULL
341,,,,2021-02-25 17:52:17,2021-02-25 17:52:17,"[""C536745""]",NULL
342,,,,2021-02-25 17:52:20,2021-02-25 17:52:20,"[""C536750""]",NULL
343,,,,2021-02-25 17:52:23,2021-02-25 17:52:23,"[""C536752""]",NULL
344,,,,2021-02-25 17:52:27,2021-02-25 17:52:27,"[""C538388""]",NULL
345,,,,2021-02-25 17:52:45,2021-02-25 17:52:45,"[""D014983""]",NULL
346,,,,2021-02-25 17:52:48,2021-02-25 17:52:48,"[""C536766""]",NULL
347,,,,2021-02-25 17:52:55,2021-02-25 17:52:55,"[""C536771""]",NULL
348,,,,2021-02-25 17:52:59,2021-02-25 17:52:59,"[""C536726""]",NULL
349,,,,2021-02-25 17:53:08,2021-02-25 17:53:08,"[""C538008""]",NULL
350,,,,2021-02-25 17:53:11,2021-02-25 17:53:11,"[""D006502""]",NULL
351,,,,2021-02-25 17:53:18,2021-02-25 17:53:18,"[""D011087""]",NULL
352,,,,2021-02-25 17:53:28,2021-02-25 17:53:28,"[""D017074""]",NULL
353,,,,2021-02-25 17:53:31,2021-02-25 17:53:31,"[""D056735""]",NULL
354,,,,2021-02-25 17:53:37,2021-02-25 17:53:37,"[""D006627""]",NULL
355,,,,2021-02-25 17:53:40,2021-02-25 17:53:40,"[""C536482""]",NULL
356,,,,2021-02-25 17:53:46,2021-02-25 17:53:46,"[""C536209""]",NULL
357,,,,2021-02-25 17:53:49,2021-02-25 17:53:49,"[""D015473""]",NULL
358,,,,2021-04-20 15:43:00,2021-04-20 15:43:00,"[""C535924""]",NULL
359,,,,2021-04-20 15:43:14,2021-04-20 15:43:14,"[""D015435""]",NULL
360,,,,2021-04-20 15:45:21,2021-04-20 15:45:21,"[""C536201""]",NULL
361,,,,2021-04-20 15:47:38,2021-04-20 15:47:38,"[""C536373""]",NULL
362,,,,2021-04-20 15:48:21,2021-04-20 15:48:21,"[""C536385""]",NULL
363,,,,2021-04-20 15:50:20,2021-04-20 15:50:20,"[""D058247""]",NULL
364,,,,2021-04-20 15:57:55,2021-04-20 15:57:55,"[""C536064""]",NULL
365,,,,2021-04-20 16:10:14,2021-04-20 16:10:14,"[""C537711""]",NULL
366,,,,2021-04-20 16:13:54,2021-04-20 16:13:54,"[""C536611""]",NULL
367,,,,2021-04-20 16:13:57,2021-04-20 16:13:57,"[""C536552""]",NULL
368,,,,2021-04-20 16:14:42,2021-04-20 16:14:42,"[""D018442""]",NULL
369,,,,2021-04-20 16:15:03,2021-04-20 16:15:03,"[""D016411""]",NULL
370,,,,2021-04-20 16:15:24,2021-04-20 16:15:24,"[""D056267""]",NULL
371,,,,2021-04-20 16:19:04,2021-04-20 16:19:04,"[""D014972""]",NULL
372,,,,2021-04-20 16:19:49,2021-04-20 16:19:49,"[""D013262""]",NULL
373,,,,2021-04-20 16:20:03,2021-04-20 16:20:03,"[""C535513""]",NULL
