id,name,omimid,description,created_at,updated_at
1,,214900,,2020-12-22 18:01:19,2020-12-22 18:01:19
2,,100050,,2020-12-22 18:01:19,2020-12-22 18:01:19
3,,305400,,2020-12-22 18:01:19,2020-12-22 18:01:19
4,,227330,,2020-12-22 18:01:19,2020-12-22 18:01:19
5,,600991,,2020-12-22 18:01:19,2020-12-22 18:01:19
6,,129200,,2020-12-22 18:01:19,2020-12-22 18:01:19
7,,609796,,2020-12-22 18:01:20,2020-12-22 18:01:20
8,,616295,,2020-12-22 18:01:20,2020-12-22 18:01:20
9,,201100,,2020-12-22 18:01:20,2020-12-22 18:01:20
10,,201200,,2020-12-22 18:01:20,2020-12-22 18:01:20
11,,101850,,2020-12-22 18:01:21,2020-12-22 18:01:21
12,,608068,,2020-12-22 18:01:21,2020-12-22 18:01:21
13,,176000,,2020-12-22 18:01:21,2020-12-22 18:01:21
14,,100300,,2020-12-22 18:01:21,2020-12-22 18:01:21
15,,614219,,2020-12-22 18:01:21,2020-12-22 18:01:21
16,,614814,,2020-12-22 18:01:21,2020-12-22 18:01:21
17,,615297,,2020-12-22 18:01:21,2020-12-22 18:01:21
18,,616028,,2020-12-22 18:01:21,2020-12-22 18:01:21
19,,616589,,2020-12-22 18:01:21,2020-12-22 18:01:21
20,,103200,,2020-12-22 18:01:21,2020-12-22 18:01:21
21,,103285,,2020-12-22 18:01:21,2020-12-22 18:01:21
22,,600501,,2020-12-22 18:01:21,2020-12-22 18:01:21
23,,300700,,2020-12-22 18:01:21,2020-12-22 18:01:21
24,,103470,,2020-12-22 18:01:21,2020-12-22 18:01:21
25,,300650,,2020-12-22 18:01:22,2020-12-22 18:01:22
26,,203500,,2020-12-22 18:01:22,2020-12-22 18:01:22
27,,104000,,2020-12-22 18:01:22,2020-12-22 18:01:22
28,,300042,,2020-12-22 18:01:22,2020-12-22 18:01:22
29,,610753,,2020-12-22 18:01:22,2020-12-22 18:01:22
30,,203655,,2020-12-22 18:01:22,2020-12-22 18:01:22
31,,104130,,2020-12-22 18:01:22,2020-12-22 18:01:22
32,,203550,,2020-12-22 18:01:22,2020-12-22 18:01:22
33,,203650,,2020-12-22 18:01:22,2020-12-22 18:01:22
34,,610422,,2020-12-22 18:01:22,2020-12-22 18:01:22
35,,613930,,2020-12-22 18:01:22,2020-12-22 18:01:22
36,,618840,,2020-12-22 18:01:22,2020-12-22 18:01:22
37,,145701,,2020-12-22 18:01:22,2020-12-22 18:01:22
38,,104570,,2020-12-22 18:01:22,2020-12-22 18:01:22
39,,612740,,2020-12-22 18:01:22,2020-12-22 18:01:22
40,,106050,,2020-12-22 18:01:22,2020-12-22 18:01:22
41,,300652,,2020-12-22 18:01:22,2020-12-22 18:01:22
42,,106260,,2020-12-22 18:01:22,2020-12-22 18:01:22
43,,106995,,2020-12-22 18:01:22,2020-12-22 18:01:22
44,,178200,,2020-12-22 18:01:22,2020-12-22 18:01:22
45,,107600,,2020-12-22 18:01:23,2020-12-22 18:01:23
46,,600360,,2020-12-22 18:01:23,2020-12-22 18:01:23
47,,207731,,2020-12-22 18:01:23,2020-12-22 18:01:23
48,,207780,,2020-12-22 18:01:23,2020-12-22 18:01:23
49,,208050,,2020-12-22 18:01:23,2020-12-22 18:01:23
50,,130060,,2020-12-22 18:01:23,2020-12-22 18:01:23
51,,617821,,2020-12-22 18:01:23,2020-12-22 18:01:23
52,,601701,,2020-12-22 18:01:23,2020-12-22 18:01:23
53,,208085,,2020-12-22 18:01:23,2020-12-22 18:01:23
54,,613404,,2020-12-22 18:01:23,2020-12-22 18:01:23
55,,208900,,2020-12-22 18:01:23,2020-12-22 18:01:23
56,,208910,,2020-12-22 18:01:23,2020-12-22 18:01:23
57,,604391,,2020-12-22 18:01:23,2020-12-22 18:01:23
58,,251260,,2020-12-22 18:01:23,2020-12-22 18:01:23
59,,209700,,2020-12-22 18:01:23,2020-12-22 18:01:23
60,,604093,,2020-12-22 18:01:23,2020-12-22 18:01:23
61,,124480,,2020-12-22 18:01:24,2020-12-22 18:01:24
62,,147060,,2020-12-22 18:01:24,2020-12-22 18:01:24
63,,104100,,2020-12-22 18:01:24,2020-12-22 18:01:24
64,,177000,,2020-12-22 18:01:24,2020-12-22 18:01:24
65,,212360,,2020-12-22 18:01:24,2020-12-22 18:01:24
66,,158350,,2020-12-22 18:01:24,2020-12-22 18:01:24
67,,209885,,2020-12-22 18:01:24,2020-12-22 18:01:24
68,,603736,,2020-12-22 18:01:24,2020-12-22 18:01:24
69,,181180,,2020-12-22 18:01:24,2020-12-22 18:01:24
70,,251240,,2020-12-22 18:01:24,2020-12-22 18:01:24
71,,608709,,2020-12-22 18:01:24,2020-12-22 18:01:24
72,,301845,,2020-12-22 18:01:24,2020-12-22 18:01:24
73,,123790,,2020-12-22 18:01:24,2020-12-22 18:01:24
74,,604919,,2020-12-22 18:01:24,2020-12-22 18:01:24
75,,109650,,2020-12-22 18:01:25,2020-12-22 18:01:25
76,,253260,,2020-12-22 18:01:25,2020-12-22 18:01:25
77,,135150,,2020-12-22 18:01:25,2020-12-22 18:01:25
78,,262000,,2020-12-22 18:01:25,2020-12-22 18:01:25
79,,186580,,2020-12-22 18:01:25,2020-12-22 18:01:25
80,,119580,,2020-12-22 18:01:25,2020-12-22 18:01:25
81,,617681,,2020-12-22 18:01:25,2020-12-22 18:01:25
82,,210900,,2020-12-22 18:01:25,2020-12-22 18:01:25
83,,618097,,2020-12-22 18:01:25,2020-12-22 18:01:25
84,,112200,,2020-12-22 18:01:25,2020-12-22 18:01:25
85,,112300,,2020-12-22 18:01:26,2020-12-22 18:01:26
86,,229200,,2020-12-22 18:01:26,2020-12-22 18:01:26
87,,614170,,2020-12-22 18:01:26,2020-12-22 18:01:26
88,,302000,,2020-12-22 18:01:26,2020-12-22 18:01:26
89,,166700,,2020-12-22 18:01:26,2020-12-22 18:01:26
90,,211890,,2020-12-22 18:01:26,2020-12-22 18:01:26
91,,114620,,2020-12-22 18:01:26,2020-12-22 18:01:26
92,,234030,,2020-12-22 18:01:26,2020-12-22 18:01:26
93,,239850,,2020-12-22 18:01:26,2020-12-22 18:01:26
94,,611717,,2020-12-22 18:01:26,2020-12-22 18:01:26
95,,225320,,2020-12-22 18:01:26,2020-12-22 18:01:26
96,,115150,,2020-12-22 18:01:26,2020-12-22 18:01:26
97,,615278,,2020-12-22 18:01:26,2020-12-22 18:01:26
98,Cardiofaciocutaneous Syndrome 3,615279,,2020-12-22 18:01:26,2021-01-18 07:02:28
99,,615280,,2020-12-22 18:01:26,2020-12-22 18:01:26
100,,160980,,2020-12-22 18:01:26,2020-12-22 18:01:26
101,,605244,,2020-12-22 18:01:26,2020-12-22 18:01:26
102,,250250,,2020-12-22 18:01:26,2020-12-22 18:01:26
103,,250460,,2020-12-22 18:01:26,2020-12-22 18:01:26
104,,212835,,2020-12-22 18:01:26,2020-12-22 18:01:26
105,,609528,,2020-12-22 18:01:27,2020-12-22 18:01:27
106,,214150,,2020-12-22 18:01:27,2020-12-22 18:01:27
107,,278780,,2020-12-22 18:01:27,2020-12-22 18:01:27
108,,610756,,2020-12-22 18:01:27,2020-12-22 18:01:27
109,,610758,,2020-12-22 18:01:27,2020-12-22 18:01:27
110,,616570,,2020-12-22 18:01:27,2020-12-22 18:01:27
111,,213700,,2020-12-22 18:01:27,2020-12-22 18:01:27
112,,239840,,2020-12-22 18:01:27,2020-12-22 18:01:27
113,,275630,,2020-12-22 18:01:27,2020-12-22 18:01:27
114,,214500,,2020-12-22 18:01:27,2020-12-22 18:01:27
115,,214450,,2020-12-22 18:01:27,2020-12-22 18:01:27
116,,607624,,2020-12-22 18:01:27,2020-12-22 18:01:27
117,,609227,,2020-12-22 18:01:27,2020-12-22 18:01:27
118,,118330,,2020-12-22 18:01:27,2020-12-22 18:01:27
119,,308050,,2020-12-22 18:01:27,2020-12-22 18:01:27
120,,200150,,2020-12-22 18:01:27,2020-12-22 18:01:27
121,,233670,,2020-12-22 18:01:27,2020-12-22 18:01:27
122,,233690,,2020-12-22 18:01:27,2020-12-22 18:01:27
123,,233700,,2020-12-22 18:01:27,2020-12-22 18:01:27
124,,233710,,2020-12-22 18:01:28,2020-12-22 18:01:28
125,,306400,,2020-12-22 18:01:28,2020-12-22 18:01:28
126,,613960,,2020-12-22 18:01:28,2020-12-22 18:01:28
127,,259680,,2020-12-22 18:01:28,2020-12-22 18:01:28
128,,609628,,2020-12-22 18:01:28,2020-12-22 18:01:28
129,,156610,,2020-12-22 18:01:28,2020-12-22 18:01:28
130,,616734,,2020-12-22 18:01:28,2020-12-22 18:01:28
131,,606408,,2020-12-22 18:01:28,2020-12-22 18:01:28
132,,618000,,2020-12-22 18:01:28,2020-12-22 18:01:28
133,,129500,,2020-12-22 18:01:28,2020-12-22 18:01:28
134,,612918,,2020-12-22 18:01:28,2020-12-22 18:01:28
135,,133540,,2020-12-22 18:01:28,2020-12-22 18:01:28
136,,216400,,2020-12-22 18:01:28,2020-12-22 18:01:28
137,,216411,,2020-12-22 18:01:28,2020-12-22 18:01:28
138,,608779,,2020-12-22 18:01:29,2020-12-22 18:01:29
139,,263700,,2020-12-22 18:01:29,2020-12-22 18:01:29
140,,269700,,2020-12-22 18:01:29,2020-12-22 18:01:29
141,,606721,,2020-12-22 18:01:29,2020-12-22 18:01:29
142,,608594,,2020-12-22 18:01:29,2020-12-22 18:01:29
143,,612526,,2020-12-22 18:01:29,2020-12-22 18:01:29
144,,613327,,2020-12-22 18:01:29,2020-12-22 18:01:29
145,,122440,,2020-12-22 18:01:29,2020-12-22 18:01:29
146,,218040,,2020-12-22 18:01:29,2020-12-22 18:01:29
147,,612359,,2020-12-22 18:01:29,2020-12-22 18:01:29
148,,615106,,2020-12-22 18:01:29,2020-12-22 18:01:29
149,,615107,,2020-12-22 18:01:29,2020-12-22 18:01:29
150,,615108,,2020-12-22 18:01:29,2020-12-22 18:01:29
151,,615109,,2020-12-22 18:01:29,2020-12-22 18:01:29
152,,616858,,2020-12-22 18:01:29,2020-12-22 18:01:29
153,,218330,,2020-12-22 18:01:29,2020-12-22 18:01:29
154,,613610,,2020-12-22 18:01:29,2020-12-22 18:01:29
155,,614099,,2020-12-22 18:01:29,2020-12-22 18:01:29
156,,614378,,2020-12-22 18:01:29,2020-12-22 18:01:29
157,,617102,,2020-12-22 18:01:29,2020-12-22 18:01:29
158,,175500,,2020-12-22 18:01:30,2020-12-22 18:01:30
159,,123700,,2020-12-22 18:01:30,2020-12-22 18:01:30
160,,614434,,2020-12-22 18:01:30,2020-12-22 18:01:30
161,,616603,,2020-12-22 18:01:30,2020-12-22 18:01:30
162,,219100,,2020-12-22 18:01:30,2020-12-22 18:01:30
163,,614437,,2020-12-22 18:01:30,2020-12-22 18:01:30
164,,219250,,2020-12-22 18:01:30,2020-12-22 18:01:30
165,,247410,,2020-12-22 18:01:30,2020-12-22 18:01:30
166,,124200,,2020-12-22 18:01:30,2020-12-22 18:01:30
167,,617756,,2020-12-22 18:01:30,2020-12-22 18:01:30
168,,618531,,2020-12-22 18:01:30,2020-12-22 18:01:30
169,,221320,,2020-12-22 18:01:31,2020-12-22 18:01:31
170,,234580,,2020-12-22 18:01:31,2020-12-22 18:01:31
171,,616617,,2020-12-22 18:01:31,2020-12-22 18:01:31
172,,614038,,2020-12-22 18:01:31,2020-12-22 18:01:31
173,,612852,,2020-12-22 18:01:31,2020-12-22 18:01:31
174,,601230,,2020-12-22 18:01:31,2020-12-22 18:01:31
175,,607907,,2020-12-22 18:01:31,2020-12-22 18:01:31
176,,221810,,2020-12-22 18:01:31,2020-12-22 18:01:31
177,,125595,,2020-12-22 18:01:31,2020-12-22 18:01:31
178,,225410,,2020-12-22 18:01:31,2020-12-22 18:01:31
179,,221800,,2020-12-22 18:01:31,2020-12-22 18:01:31
180,,125640,,2020-12-22 18:01:31,2020-12-22 18:01:31
181,,175900,,2020-12-22 18:01:31,2020-12-22 18:01:31
182,,607728,,2020-12-22 18:01:31,2020-12-22 18:01:31
183,,612293,,2020-12-22 18:01:31,2020-12-22 18:01:31
184,,612353,,2020-12-22 18:01:31,2020-12-22 18:01:31
185,,614714,,2020-12-22 18:01:31,2020-12-22 18:01:31
186,,616063,,2020-12-22 18:01:31,2020-12-22 18:01:31
187,,616631,,2020-12-22 18:01:31,2020-12-22 18:01:31
188,,610768,,2020-12-22 18:01:32,2020-12-22 18:01:32
189,,300896,,2020-12-22 18:01:32,2020-12-22 18:01:32
190,,220500,,2020-12-22 18:01:32,2020-12-22 18:01:32
191,,179850,,2020-12-22 18:01:32,2020-12-22 18:01:32
192,,615327,,2020-12-22 18:01:32,2020-12-22 18:01:32
193,,615674,,2020-12-22 18:01:32,2020-12-22 18:01:32
194,,615696,,2020-12-22 18:01:32,2020-12-22 18:01:32
195,,223370,,2020-12-22 18:01:32,2020-12-22 18:01:32
196,,242520,,2020-12-22 18:01:32,2020-12-22 18:01:32
197,,127400,,2020-12-22 18:01:32,2020-12-22 18:01:32
198,,127500,,2020-12-22 18:01:32,2020-12-22 18:01:32
199,,612715,,2020-12-22 18:01:32,2020-12-22 18:01:32
200,,615402,,2020-12-22 18:01:32,2020-12-22 18:01:32
201,,127550,,2020-12-22 18:01:32,2020-12-22 18:01:32
202,,224230,,2020-12-22 18:01:32,2020-12-22 18:01:32
203,,305000,,2020-12-22 18:01:32,2020-12-22 18:01:32
204,,613987,,2020-12-22 18:01:32,2020-12-22 18:01:32
205,,613988,,2020-12-22 18:01:32,2020-12-22 18:01:32
206,,613989,,2020-12-22 18:01:32,2020-12-22 18:01:32
207,,613990,,2020-12-22 18:01:33,2020-12-22 18:01:33
208,,615190,,2020-12-22 18:01:33,2020-12-22 18:01:33
209,,616353,,2020-12-22 18:01:33,2020-12-22 18:01:33
210,,604536,,2020-12-22 18:01:33,2020-12-22 18:01:33
211,,129510,,2020-12-22 18:01:33,2020-12-22 18:01:33
212,,601345,,2020-12-22 18:01:33,2020-12-22 18:01:33
213,,601375,,2020-12-22 18:01:33,2020-12-22 18:01:33
214,,129900,,2020-12-22 18:01:33,2020-12-22 18:01:33
215,,604292,,2020-12-22 18:01:33,2020-12-22 18:01:33
216,,225280,,2020-12-22 18:01:33,2020-12-22 18:01:33
217,,130100,,2020-12-22 18:01:33,2020-12-22 18:01:33
218,,225500,,2020-12-22 18:01:33,2020-12-22 18:01:33
219,,617088,,2020-12-22 18:01:33,2020-12-22 18:01:33
220,,618123,,2020-12-22 18:01:33,2020-12-22 18:01:33
221,,613001,,2020-12-22 18:01:34,2020-12-22 18:01:34
222,,226400,,2020-12-22 18:01:34,2020-12-22 18:01:34
223,,305350,,2020-12-22 18:01:34,2020-12-22 18:01:34
224,,618231,,2020-12-22 18:01:34,2020-12-22 18:01:34
225,,618267,,2020-12-22 18:01:34,2020-12-22 18:01:34
226,,618309,,2020-12-22 18:01:34,2020-12-22 18:01:34
227,,226670,,2020-12-22 18:01:34,2020-12-22 18:01:34
228,,131960,,2020-12-22 18:01:34,2020-12-22 18:01:34
229,,131760,,2020-12-22 18:01:34,2020-12-22 18:01:34
230,,131900,,2020-12-22 18:01:34,2020-12-22 18:01:34
231,,131800,,2020-12-22 18:01:34,2020-12-22 18:01:34
232,,131950,,2020-12-22 18:01:34,2020-12-22 18:01:34
233,,609638,,2020-12-22 18:01:34,2020-12-22 18:01:34
234,,607602,,2020-12-22 18:01:35,2020-12-22 18:01:35
235,,144200,,2020-12-22 18:01:35,2020-12-22 18:01:35
236,,133200,,2020-12-22 18:01:35,2020-12-22 18:01:35
237,,617524,,2020-12-22 18:01:35,2020-12-22 18:01:35
238,,617525,,2020-12-22 18:01:35,2020-12-22 18:01:35
239,,617526,,2020-12-22 18:01:35,2020-12-22 18:01:35
240,,133020,,2020-12-22 18:01:35,2020-12-22 18:01:35
241,,301500,,2020-12-22 18:01:35,2020-12-22 18:01:35
242,,616901,,2020-12-22 18:01:35,2020-12-22 18:01:35
243,,120100,,2020-12-22 18:01:35,2020-12-22 18:01:35
244,,616115,,2020-12-22 18:01:35,2020-12-22 18:01:35
245,,115250,,2020-12-22 18:01:35,2020-12-22 18:01:35
246,,223900,,2020-12-22 18:01:36,2020-12-22 18:01:36
247,,147900,,2020-12-22 18:01:36,2020-12-22 18:01:36
248,,151900,,2020-12-22 18:01:36,2020-12-22 18:01:36
249,,190340,,2020-12-22 18:01:36,2020-12-22 18:01:36
250,,604367,,2020-12-22 18:01:36,2020-12-22 18:01:36
251,,151660,,2020-12-22 18:01:36,2020-12-22 18:01:36
252,,608600,,2020-12-22 18:01:36,2020-12-22 18:01:36
253,,216700,,2020-12-22 18:01:36,2020-12-22 18:01:36
254,,227645,,2020-12-22 18:01:36,2020-12-22 18:01:36
255,,227646,,2020-12-22 18:01:36,2020-12-22 18:01:36
256,,227650,,2020-12-22 18:01:36,2020-12-22 18:01:36
257,,300514,,2020-12-22 18:01:36,2020-12-22 18:01:36
258,,600901,,2020-12-22 18:01:36,2020-12-22 18:01:36
259,,603467,,2020-12-22 18:01:36,2020-12-22 18:01:36
260,,609053,,2020-12-22 18:01:36,2020-12-22 18:01:36
261,,609054,,2020-12-22 18:01:36,2020-12-22 18:01:36
262,,610832,,2020-12-22 18:01:36,2020-12-22 18:01:36
263,,613390,,2020-12-22 18:01:36,2020-12-22 18:01:36
264,,613951,,2020-12-22 18:01:36,2020-12-22 18:01:36
265,,614082,,2020-12-22 18:01:36,2020-12-22 18:01:36
266,,614083,,2020-12-22 18:01:36,2020-12-22 18:01:36
267,,615272,,2020-12-22 18:01:36,2020-12-22 18:01:36
268,,616435,,2020-12-22 18:01:36,2020-12-22 18:01:36
269,,617243,,2020-12-22 18:01:36,2020-12-22 18:01:36
270,,617244,,2020-12-22 18:01:36,2020-12-22 18:01:36
271,,617247,,2020-12-22 18:01:37,2020-12-22 18:01:37
272,,617883,,2020-12-22 18:01:37,2020-12-22 18:01:37
273,,228000,,2020-12-22 18:01:37,2020-12-22 18:01:37
274,,135100,,2020-12-22 18:01:37,2020-12-22 18:01:37
275,,136300,,2020-12-22 18:01:37,2020-12-22 18:01:37
276,,305600,,2020-12-22 18:01:37,2020-12-22 18:01:37
277,,136500,,2020-12-22 18:01:37,2020-12-22 18:01:37
278,,227260,,2020-12-22 18:01:37,2020-12-22 18:01:37
279,,614973,,2020-12-22 18:01:37,2020-12-22 18:01:37
280,,614974,,2020-12-22 18:01:37,2020-12-22 18:01:37
281,,613451,,2020-12-22 18:01:37,2020-12-22 18:01:37
282,,230740,,2020-12-22 18:01:38,2020-12-22 18:01:38
283,,175100,,2020-12-22 18:01:38,2020-12-22 18:01:38
284,,137270,,2020-12-22 18:01:38,2020-12-22 18:01:38
285,,608013,,2020-12-22 18:01:38,2020-12-22 18:01:38
286,,226650,,2020-12-22 18:01:38,2020-12-22 18:01:38
287,,614204,,2020-12-22 18:01:38,2020-12-22 18:01:38
288,,616106,,2020-12-22 18:01:38,2020-12-22 18:01:38
289,,231070,,2020-12-22 18:01:38,2020-12-22 18:01:38
290,,137550,,2020-12-22 18:01:38,2020-12-22 18:01:38
291,,135400,,2020-12-22 18:01:38,2020-12-22 18:01:38
292,,609056,,2020-12-22 18:01:38,2020-12-22 18:01:38
293,,612289,,2020-12-22 18:01:38,2020-12-22 18:01:38
294,,169600,,2020-12-22 18:01:39,2020-12-22 18:01:39
295,,245010,,2020-12-22 18:01:39,2020-12-22 18:01:39
296,,139600,,2020-12-22 18:01:39,2020-12-22 18:01:39
297,,234100,,2020-12-22 18:01:39,2020-12-22 18:01:39
298,,260530,,2020-12-22 18:01:39,2020-12-22 18:01:39
299,,242500,,2020-12-22 18:01:39,2020-12-22 18:01:39
300,,234500,,2020-12-22 18:01:39,2020-12-22 18:01:39
301,,235510,,2020-12-22 18:01:39,2020-12-22 18:01:39
302,,616006,,2020-12-22 18:01:39,2020-12-22 18:01:39
303,,618154,,2020-12-22 18:01:39,2020-12-22 18:01:39
304,,176100,,2020-12-22 18:01:39,2020-12-22 18:01:39
305,,121300,,2020-12-22 18:01:40,2020-12-22 18:01:40
306,,615704,,2020-12-22 18:01:40,2020-12-22 18:01:40
307,,187300,,2020-12-22 18:01:40,2020-12-22 18:01:40
308,,600376,,2020-12-22 18:01:40,2020-12-22 18:01:40
309,,601101,,2020-12-22 18:01:40,2020-12-22 18:01:40
310,,610655,,2020-12-22 18:01:40,2020-12-22 18:01:40
311,,615506,,2020-12-22 18:01:40,2020-12-22 18:01:40
312,,150800,,2020-12-22 18:01:40,2020-12-22 18:01:40
313,,153200,,2020-12-22 18:01:40,2020-12-22 18:01:40
314,,158310,,2020-12-22 18:01:40,2020-12-22 18:01:40
315,,167800,,2020-12-22 18:01:40,2020-12-22 18:01:40
316,,608233,,2020-12-22 18:01:40,2020-12-22 18:01:40
317,,253270,,2020-12-22 18:01:40,2020-12-22 18:01:40
318,,260920,,2020-12-22 18:01:41,2020-12-22 18:01:41
319,,144150,,2020-12-22 18:01:41,2020-12-22 18:01:41
320,,130020,,2020-12-22 18:01:41,2020-12-22 18:01:41
321,,129490,,2020-12-22 18:01:41,2020-12-22 18:01:41
322,,224900,,2020-12-22 18:01:41,2020-12-22 18:01:41
323,,300291,,2020-12-22 18:01:41,2020-12-22 18:01:41
324,,305100,,2020-12-22 18:01:41,2020-12-22 18:01:41
325,,612132,,2020-12-22 18:01:41,2020-12-22 18:01:41
326,,614940,,2020-12-22 18:01:41,2020-12-22 18:01:41
327,,614941,,2020-12-22 18:01:41,2020-12-22 18:01:41
328,,618535,,2020-12-22 18:01:41,2020-12-22 18:01:41
329,,225050,,2020-12-22 18:01:41,2020-12-22 18:01:41
330,,278150,,2020-12-22 18:01:41,2020-12-22 18:01:41
331,,604379,,2020-12-22 18:01:41,2020-12-22 18:01:41
332,,605389,,2020-12-22 18:01:41,2020-12-22 18:01:41
333,,607903,,2020-12-22 18:01:41,2020-12-22 18:01:41
334,,614237,,2020-12-22 18:01:41,2020-12-22 18:01:41
335,,614238,,2020-12-22 18:01:41,2020-12-22 18:01:41
336,,615059,,2020-12-22 18:01:41,2020-12-22 18:01:41
337,,615885,,2020-12-22 18:01:41,2020-12-22 18:01:41
338,,618275,,2020-12-22 18:01:41,2020-12-22 18:01:41
339,,137940,,2020-12-22 18:01:41,2020-12-22 18:01:41
340,,607823,,2020-12-22 18:01:42,2020-12-22 18:01:42
341,,242510,,2020-12-22 18:01:42,2020-12-22 18:01:42
342,,146800,,2020-12-22 18:01:42,2020-12-22 18:01:42
343,,308205,,2020-12-22 18:01:42,2020-12-22 18:01:42
344,,146590,,2020-12-22 18:01:42,2020-12-22 18:01:42
345,,242300,,2020-12-22 18:01:42,2020-12-22 18:01:42
346,,601277,,2020-12-22 18:01:42,2020-12-22 18:01:42
347,,604777,,2020-12-22 18:01:42,2020-12-22 18:01:42
348,,606545,,2020-12-22 18:01:42,2020-12-22 18:01:42
349,,612281,,2020-12-22 18:01:42,2020-12-22 18:01:42
350,,613943,,2020-12-22 18:01:42,2020-12-22 18:01:42
351,,617571,,2020-12-22 18:01:42,2020-12-22 18:01:42
352,,608649,,2020-12-22 18:01:42,2020-12-22 18:01:42
353,,607626,,2020-12-22 18:01:42,2020-12-22 18:01:42
354,,242530,,2020-12-22 18:01:42,2020-12-22 18:01:42
355,,308300,,2020-12-22 18:01:42,2020-12-22 18:01:42
356,,228550,,2020-12-22 18:01:42,2020-12-22 18:01:42
357,,615293,,2020-12-22 18:01:42,2020-12-22 18:01:42
358,,600457,,2020-12-22 18:01:43,2020-12-22 18:01:43
359,,243800,,2020-12-22 18:01:43,2020-12-22 18:01:43
360,,147770,,2020-12-22 18:01:43,2020-12-22 18:01:43
361,,226700,,2020-12-22 18:01:43,2020-12-22 18:01:43
362,,175050,,2020-12-22 18:01:43,2020-12-22 18:01:43
363,,612242,,2020-12-22 18:01:43,2020-12-22 18:01:43
364,,148350,,2020-12-22 18:01:43,2020-12-22 18:01:43
365,,148360,,2020-12-22 18:01:43,2020-12-22 18:01:43
366,,248300,,2020-12-22 18:01:43,2020-12-22 18:01:43
367,,148370,,2020-12-22 18:01:43,2020-12-22 18:01:43
368,,308830,,2020-12-22 18:01:43,2020-12-22 18:01:43
369,,308800,,2020-12-22 18:01:43,2020-12-22 18:01:43
370,,612843,,2020-12-22 18:01:43,2020-12-22 18:01:43
371,,148700,,2020-12-22 18:01:44,2020-12-22 18:01:44
372,,607654,,2020-12-22 18:01:44,2020-12-22 18:01:44
373,,612908,,2020-12-22 18:01:44,2020-12-22 18:01:44
374,,148210,,2020-12-22 18:01:44,2020-12-22 18:01:44
375,,242150,,2020-12-22 18:01:44,2020-12-22 18:01:44
376,,602540,,2020-12-22 18:01:44,2020-12-22 18:01:44
377,,149000,,2020-12-22 18:01:44,2020-12-22 18:01:44
378,,149200,,2020-12-22 18:01:44,2020-12-22 18:01:44
379,,226750,,2020-12-22 18:01:44,2020-12-22 18:01:44
380,,149730,,2020-12-22 18:01:44,2020-12-22 18:01:44
381,,226440,,2020-12-22 18:01:44,2020-12-22 18:01:44
382,,611431,,2020-12-22 18:01:44,2020-12-22 18:01:44
383,,608290,,2020-12-22 18:01:45,2020-12-22 18:01:45
384,,151100,,2020-12-22 18:01:45,2020-12-22 18:01:45
385,,611554,,2020-12-22 18:01:45,2020-12-22 18:01:45
386,,613707,,2020-12-22 18:01:45,2020-12-22 18:01:45
387,,246200,,2020-12-22 18:01:45,2020-12-22 18:01:45
388,,151600,,2020-12-22 18:01:45,2020-12-22 18:01:45
389,,603543,,2020-12-22 18:01:45,2020-12-22 18:01:45
390,,614323,,2020-12-22 18:01:45,2020-12-22 18:01:45
391,,163200,,2020-12-22 18:01:45,2020-12-22 18:01:45
392,,615980,,2020-12-22 18:01:45,2020-12-22 18:01:45
393,,247100,,2020-12-22 18:01:45,2020-12-22 18:01:45
394,,607721,,2020-12-22 18:01:46,2020-12-22 18:01:46
395,,617506,,2020-12-22 18:01:46,2020-12-22 18:01:46
396,,152900,,2020-12-22 18:01:46,2020-12-22 18:01:46
397,,153400,,2020-12-22 18:01:46,2020-12-22 18:01:46
398,,614569,,2020-12-22 18:01:46,2020-12-22 18:01:46
399,,602248,,2020-12-22 18:01:46,2020-12-22 18:01:46
400,,248370,,2020-12-22 18:01:46,2020-12-22 18:01:46
401,,608612,,2020-12-22 18:01:46,2020-12-22 18:01:46
402,,146550,,2020-12-22 18:01:47,2020-12-22 18:01:47
403,,612841,,2020-12-22 18:01:47,2020-12-22 18:01:47
404,,154780,,2020-12-22 18:01:47,2020-12-22 18:01:47
405,,174800,,2020-12-22 18:01:47,2020-12-22 18:01:47
406,,602501,,2020-12-22 18:01:47,2020-12-22 18:01:47
407,,155900,,2020-12-22 18:01:47,2020-12-22 18:01:47
408,,309400,,2020-12-22 18:01:47,2020-12-22 18:01:47
409,,610377,,2020-12-22 18:01:47,2020-12-22 18:01:47
410,,300887,,2020-12-22 18:01:47,2020-12-22 18:01:47
411,,300952,,2020-12-22 18:01:47,2020-12-22 18:01:47
412,,309801,,2020-12-22 18:01:47,2020-12-22 18:01:47
413,,153100,,2020-12-22 18:01:47,2020-12-22 18:01:47
414,,247440,,2020-12-22 18:01:47,2020-12-22 18:01:47
415,,611944,,2020-12-22 18:01:47,2020-12-22 18:01:47
416,,613480,,2020-12-22 18:01:47,2020-12-22 18:01:47
417,,615907,,2020-12-22 18:01:47,2020-12-22 18:01:47
418,,158000,,2020-12-22 18:01:47,2020-12-22 18:01:47
419,,609180,,2020-12-22 18:01:48,2020-12-22 18:01:48
420,,602579,,2020-12-22 18:01:48,2020-12-22 18:01:48
421,,191900,,2020-12-22 18:01:48,2020-12-22 18:01:48
422,,252900,,2020-12-22 18:01:48,2020-12-22 18:01:48
423,,252920,,2020-12-22 18:01:48,2020-12-22 18:01:48
424,,252930,,2020-12-22 18:01:48,2020-12-22 18:01:48
425,,252940,,2020-12-22 18:01:48,2020-12-22 18:01:48
426,,164185,,2020-12-22 18:01:48,2020-12-22 18:01:48
427,,158320,,2020-12-22 18:01:48,2020-12-22 18:01:48
428,,114030,,2020-12-22 18:01:48,2020-12-22 18:01:48
429,,272200,,2020-12-22 18:01:48,2020-12-22 18:01:48
430,,151800,,2020-12-22 18:01:48,2020-12-22 18:01:48
431,,601776,,2020-12-22 18:01:48,2020-12-22 18:01:48
432,,615539,,2020-12-22 18:01:49,2020-12-22 18:01:49
433,,161000,,2020-12-22 18:01:49,2020-12-22 18:01:49
434,,161200,,2020-12-22 18:01:49,2020-12-22 18:01:49
435,,601214,,2020-12-22 18:01:49,2020-12-22 18:01:49
436,,607115,,2020-12-22 18:01:49,2020-12-22 18:01:49
437,,264090,,2020-12-22 18:01:49,2020-12-22 18:01:49
438,,614008,,2020-12-22 18:01:49,2020-12-22 18:01:49
439,,256500,,2020-12-22 18:01:49,2020-12-22 18:01:49
440,,256520,,2020-12-22 18:01:49,2020-12-22 18:01:49
441,,616038,,2020-12-22 18:01:49,2020-12-22 18:01:49
442,,249400,,2020-12-22 18:01:49,2020-12-22 18:01:49
443,,601321,,2020-12-22 18:01:49,2020-12-22 18:01:49
444,,109400,,2020-12-22 18:01:49,2020-12-22 18:01:49
445,,617025,,2020-12-22 18:01:50,2020-12-22 18:01:50
446,,242100,,2020-12-22 18:01:50,2020-12-22 18:01:50
447,,615022,,2020-12-22 18:01:50,2020-12-22 18:01:50
448,,615023,,2020-12-22 18:01:50,2020-12-22 18:01:50
449,,615024,,2020-12-22 18:01:50,2020-12-22 18:01:50
450,Noonan Syndrome 1,163950,,2020-12-22 18:01:50,2021-01-18 07:02:28
451,,605275,,2020-12-22 18:01:50,2020-12-22 18:01:50
452,,609942,,2020-12-22 18:01:50,2020-12-22 18:01:50
453,,610733,,2020-12-22 18:01:50,2020-12-22 18:01:50
454,,611553,,2020-12-22 18:01:50,2020-12-22 18:01:50
455,,613224,,2020-12-22 18:01:50,2020-12-22 18:01:50
456,,613706,,2020-12-22 18:01:50,2020-12-22 18:01:50
457,,615355,,2020-12-22 18:01:50,2020-12-22 18:01:50
458,,616559,,2020-12-22 18:01:50,2020-12-22 18:01:50
459,,616564,,2020-12-22 18:01:50,2020-12-22 18:01:50
460,,618499,,2020-12-22 18:01:50,2020-12-22 18:01:50
461,,618624,,2020-12-22 18:01:50,2020-12-22 18:01:50
462,,304150,,2020-12-22 18:01:50,2020-12-22 18:01:50
463,,257800,,2020-12-22 18:01:51,2020-12-22 18:01:51
464,,203100,,2020-12-22 18:01:51,2020-12-22 18:01:51
465,,606952,,2020-12-22 18:01:51,2020-12-22 18:01:51
466,,203200,,2020-12-22 18:01:51,2020-12-22 18:01:51
467,,203290,,2020-12-22 18:01:51,2020-12-22 18:01:51
468,,164200,,2020-12-22 18:01:51,2020-12-22 18:01:51
469,,257850,,2020-12-22 18:01:51,2020-12-22 18:01:51
470,,600268,,2020-12-22 18:01:51,2020-12-22 18:01:51
471,,601319,,2020-12-22 18:01:51,2020-12-22 18:01:51
472,,257980,,2020-12-22 18:01:51,2020-12-22 18:01:51
473,,273400,,2020-12-22 18:01:51,2020-12-22 18:01:51
474,,258200,,2020-12-22 18:01:51,2020-12-22 18:01:51
475,,300918,,2020-12-22 18:01:51,2020-12-22 18:01:51
476,,614594,,2020-12-22 18:01:51,2020-12-22 18:01:51
477,,107000,,2020-12-22 18:01:51,2020-12-22 18:01:51
478,,614149,,2020-12-22 18:01:51,2020-12-22 18:01:51
479,,311200,,2020-12-22 18:01:52,2020-12-22 18:01:52
480,,167100,,2020-12-22 18:01:52,2020-12-22 18:01:52
481,,259100,,2020-12-22 18:01:52,2020-12-22 18:01:52
482,,614441,,2020-12-22 18:01:52,2020-12-22 18:01:52
483,,167200,,2020-12-22 18:01:52,2020-12-22 18:01:52
484,,167210,,2020-12-22 18:01:52,2020-12-22 18:01:52
485,,260130,,2020-12-22 18:01:52,2020-12-22 18:01:52
486,,615726,,2020-12-22 18:01:52,2020-12-22 18:01:52
487,,615728,,2020-12-22 18:01:52,2020-12-22 18:01:52
488,,181600,,2020-12-22 18:01:52,2020-12-22 18:01:52
489,,245000,,2020-12-22 18:01:52,2020-12-22 18:01:52
490,,608354,,2020-12-22 18:01:52,2020-12-22 18:01:52
491,,608355,,2020-12-22 18:01:52,2020-12-22 18:01:52
492,,260565,,2020-12-22 18:01:52,2020-12-22 18:01:52
493,,169610,,2020-12-22 18:01:52,2020-12-22 18:01:52
494,,130080,,2020-12-22 18:01:53,2020-12-22 18:01:53
495,,617174,,2020-12-22 18:01:53,2020-12-22 18:01:53
496,,175200,,2020-12-22 18:01:53,2020-12-22 18:01:53
497,,172800,,2020-12-22 18:01:53,2020-12-22 18:01:53
498,,180600,,2020-12-22 18:01:53,2020-12-22 18:01:53
499,,261900,,2020-12-22 18:01:53,2020-12-22 18:01:53
500,,261990,,2020-12-22 18:01:53,2020-12-22 18:01:53
501,,262020,,2020-12-22 18:01:53,2020-12-22 18:01:53
502,,132600,,2020-12-22 18:01:53,2020-12-22 18:01:53
503,,173200,,2020-12-22 18:01:53,2020-12-22 18:01:53
504,,212065,,2020-12-22 18:01:53,2020-12-22 18:01:53
505,,604173,,2020-12-22 18:01:53,2020-12-22 18:01:53
506,,263650,,2020-12-22 18:01:53,2020-12-22 18:01:53
507,,175800,,2020-12-22 18:01:53,2020-12-22 18:01:53
508,,176090,,2020-12-22 18:01:54,2020-12-22 18:01:54
509,,131850,,2020-12-22 18:01:54,2020-12-22 18:01:54
510,,176670,,2020-12-22 18:01:54,2020-12-22 18:01:54
511,,176690,,2020-12-22 18:01:54,2020-12-22 18:01:54
512,,166350,,2020-12-22 18:01:54,2020-12-22 18:01:54
513,,170100,,2020-12-22 18:01:54,2020-12-22 18:01:54
514,,176920,,2020-12-22 18:01:54,2020-12-22 18:01:54
515,,178995,,2020-12-22 18:01:54,2020-12-22 18:01:54
516,,103580,,2020-12-22 18:01:54,2020-12-22 18:01:54
517,,612462,,2020-12-22 18:01:54,2020-12-22 18:01:54
518,,612463,,2020-12-22 18:01:55,2020-12-22 18:01:55
519,,177850,,2020-12-22 18:01:55,2020-12-22 18:01:55
520,,264800,,2020-12-22 18:01:55,2020-12-22 18:01:55
521,,175860,,2020-12-22 18:01:55,2020-12-22 18:01:55
522,,604416,,2020-12-22 18:01:55,2020-12-22 18:01:55
523,,200970,,2020-12-22 18:01:55,2020-12-22 18:01:55
524,,262190,,2020-12-22 18:01:55,2020-12-22 18:01:55
525,,266500,,2020-12-22 18:01:55,2020-12-22 18:01:55
526,,614879,,2020-12-22 18:01:55,2020-12-22 18:01:55
527,,613471,,2020-12-22 18:01:55,2020-12-22 18:01:55
528,,608978,,2020-12-22 18:01:55,2020-12-22 18:01:55
529,,180730,,2020-12-22 18:01:55,2020-12-22 18:01:55
530,,600705,,2020-12-22 18:01:56,2020-12-22 18:01:56
531,,181250,,2020-12-22 18:01:56,2020-12-22 18:01:56
532,,181270,,2020-12-22 18:01:56,2020-12-22 18:01:56
533,,312830,,2020-12-22 18:01:56,2020-12-22 18:01:56
534,,269150,,2020-12-22 18:01:56,2020-12-22 18:01:56
535,,162091,,2020-12-22 18:01:56,2020-12-22 18:01:56
536,,162260,,2020-12-22 18:01:56,2020-12-22 18:01:56
537,,615670,,2020-12-22 18:01:56,2020-12-22 18:01:56
538,,226600,,2020-12-22 18:01:56,2020-12-22 18:01:56
539,,269880,,2020-12-22 18:01:56,2020-12-22 18:01:56
540,,270200,,2020-12-22 18:01:56,2020-12-22 18:01:56
541,,182410,,2020-12-22 18:01:56,2020-12-22 18:01:56
542,,133190,,2020-12-22 18:01:57,2020-12-22 18:01:57
543,,271640,,2020-12-22 18:01:57,2020-12-22 18:01:57
544,,618395,,2020-12-22 18:01:57,2020-12-22 18:01:57
545,,612379,,2020-12-22 18:01:57,2020-12-22 18:01:57
546,,184500,,2020-12-22 18:01:57,2020-12-22 18:01:57
547,,184510,,2020-12-22 18:01:57,2020-12-22 18:01:57
548,,184900,,2020-12-22 18:01:57,2020-12-22 18:01:57
549,,228020,,2020-12-22 18:01:57,2020-12-22 18:01:57
550,,185300,,2020-12-22 18:01:57,2020-12-22 18:01:57
551,,154230,,2020-12-22 18:01:57,2020-12-22 18:01:57
552,,233420,,2020-12-22 18:01:57,2020-12-22 18:01:57
553,,300018,,2020-12-22 18:01:57,2020-12-22 18:01:57
554,,400044,,2020-12-22 18:01:57,2020-12-22 18:01:57
555,,612965,,2020-12-22 18:01:57,2020-12-22 18:01:57
556,,613080,,2020-12-22 18:01:57,2020-12-22 18:01:57
557,,613762,,2020-12-22 18:01:57,2020-12-22 18:01:57
558,,616425,,2020-12-22 18:01:57,2020-12-22 18:01:57
559,,181750,,2020-12-22 18:01:58,2020-12-22 18:01:58
560,,311900,,2020-12-22 18:01:58,2020-12-22 18:01:58
561,,272980,,2020-12-22 18:01:58,2020-12-22 18:01:58
562,,172850,,2020-12-22 18:01:58,2020-12-22 18:01:58
563,,611816,,2020-12-22 18:01:58,2020-12-22 18:01:58
564,,103500,,2020-12-22 18:01:58,2020-12-22 18:01:58
565,,131705,,2020-12-22 18:01:58,2020-12-22 18:01:58
566,,190320,,2020-12-22 18:01:58,2020-12-22 18:01:58
567,,601453,,2020-12-22 18:01:58,2020-12-22 18:01:58
568,,275400,,2020-12-22 18:01:58,2020-12-22 18:01:58
569,,190350,,2020-12-22 18:01:58,2020-12-22 18:01:58
570,,190351,,2020-12-22 18:01:58,2020-12-22 18:01:58
571,,150230,,2020-12-22 18:01:58,2020-12-22 18:01:58
572,,234050,,2020-12-22 18:01:59,2020-12-22 18:01:59
573,,300953,,2020-12-22 18:01:59,2020-12-22 18:01:59
574,,601675,,2020-12-22 18:01:59,2020-12-22 18:01:59
575,,616390,,2020-12-22 18:01:59,2020-12-22 18:01:59
576,,616395,,2020-12-22 18:01:59,2020-12-22 18:01:59
577,,616943,,2020-12-22 18:01:59,2020-12-22 18:01:59
578,,618546,,2020-12-22 18:01:59,2020-12-22 18:01:59
579,,191100,,2020-12-22 18:01:59,2020-12-22 18:01:59
580,,613254,,2020-12-22 18:01:59,2020-12-22 18:01:59
581,,142680,,2020-12-22 18:01:59,2020-12-22 18:01:59
582,,161050,,2020-12-22 18:01:59,2020-12-22 18:01:59
583,,148500,,2020-12-22 18:01:59,2020-12-22 18:01:59
584,,276600,,2020-12-22 18:01:59,2020-12-22 18:01:59
585,,191480,,2020-12-22 18:01:59,2020-12-22 18:01:59
586,,617251,,2020-12-22 18:01:59,2020-12-22 18:01:59
587,,617252,,2020-12-22 18:01:59,2020-12-22 18:01:59
588,,600630,,2020-12-22 18:01:59,2020-12-22 18:01:59
589,,614621,,2020-12-22 18:01:59,2020-12-22 18:01:59
590,,614640,,2020-12-22 18:01:59,2020-12-22 18:01:59
591,,314500,,2020-12-22 18:02:00,2020-12-22 18:02:00
592,,176200,,2020-12-22 18:02:00,2020-12-22 18:02:00
593,,130050,,2020-12-22 18:02:00,2020-12-22 18:02:00
594,,242840,,2020-12-22 18:02:00,2020-12-22 18:02:00
595,,604117,,2020-12-22 18:02:00,2020-12-22 18:02:00
596,,193500,,2020-12-22 18:02:00,2020-12-22 18:02:00
597,,193510,,2020-12-22 18:02:00,2020-12-22 18:02:00
598,,600193,,2020-12-22 18:02:00,2020-12-22 18:02:00
599,,606662,,2020-12-22 18:02:00,2020-12-22 18:02:00
600,,608890,,2020-12-22 18:02:00,2020-12-22 18:02:00
601,,611584,,2020-12-22 18:02:00,2020-12-22 18:02:00
602,,148820,,2020-12-22 18:02:00,2020-12-22 18:02:00
603,,277580,,2020-12-22 18:02:00,2020-12-22 18:02:00
604,,613265,,2020-12-22 18:02:00,2020-12-22 18:02:00
605,,613266,,2020-12-22 18:02:00,2020-12-22 18:02:00
606,,277700,,2020-12-22 18:02:00,2020-12-22 18:02:00
607,,193530,,2020-12-22 18:02:01,2020-12-22 18:02:01
608,,193900,,2020-12-22 18:02:01,2020-12-22 18:02:01
609,,615785,,2020-12-22 18:02:01,2020-12-22 18:02:01
610,,301000,,2020-12-22 18:02:01,2020-12-22 18:02:01
611,,600903,,2020-12-22 18:02:01,2020-12-22 18:02:01
612,,614493,,2020-12-22 18:02:01,2020-12-22 18:02:01
613,,189500,,2020-12-22 18:02:01,2020-12-22 18:02:01
614,,278200,,2020-12-22 18:02:01,2020-12-22 18:02:01
615,,194300,,2020-12-22 18:02:01,2020-12-22 18:02:01
616,,615896,,2020-12-22 18:02:01,2020-12-22 18:02:01
617,,616760,,2020-12-22 18:02:01,2020-12-22 18:02:01
618,,278250,,2020-12-22 18:02:01,2020-12-22 18:02:01
619,,307150,,2020-12-22 18:02:01,2020-12-22 18:02:01
620,,302960,,2020-12-22 18:02:01,2020-12-22 18:02:01
621,,300957,,2020-12-22 18:02:02,2020-12-22 18:02:02
622,,278700,,2020-12-22 18:02:02,2020-12-22 18:02:02
623,,278720,,2020-12-22 18:02:02,2020-12-22 18:02:02
624,,278730,,2020-12-22 18:02:02,2020-12-22 18:02:02
625,,278740,,2020-12-22 18:02:02,2020-12-22 18:02:02
626,,278760,,2020-12-22 18:02:02,2020-12-22 18:02:02
627,,610651,,2020-12-22 18:02:02,2020-12-22 18:02:02
628,,278750,,2020-12-22 18:02:02,2020-12-22 18:02:02
629,,153300,,2020-12-22 18:02:02,2020-12-22 18:02:02
630,,601706,,2020-12-22 18:02:02,2020-12-22 18:02:02
631,,225060,,2020-12-22 18:02:02,2020-12-22 18:02:02
632,Congenital Heart Defects And Skeletal Malformations Syndrome,617602,,2021-01-18 06:46:06,2021-01-18 07:02:27
633,"Leukemia, Chronic Myeloid",608232,,2021-01-18 06:46:06,2021-01-18 07:02:27
634,"Mental Retardation, Autosomal Dominant 53",617798,,2021-01-18 06:46:06,2021-01-18 07:02:27
635,"Mental Retardation, Autosomal Recessive 63",618095,,2021-01-18 06:46:06,2021-01-18 07:02:27
636,Dystrophia Myotonica 1,160900,,2021-01-18 06:46:06,2021-01-18 07:02:27
637,"Autoinflammation, Immune Dysregulation, And Eosinophilia",618999,,2021-01-18 06:46:06,2021-01-18 07:02:27
638,"Myelofibrosismyelofibrosis With Myeloid Metaplasia, Included",254450,,2021-01-18 06:46:06,2021-01-18 07:02:27
639,"Leukemia, Acute Myeloid",601626,,2021-01-18 06:46:06,2021-01-18 07:02:27
640,"Budd-chiari Syndromemembranous Obstruction Of Inferior Vena Cava, Included",600880,,2021-01-18 06:46:06,2021-01-18 07:02:27
641,Thrombocythemia 3,614521,,2021-01-18 06:46:06,2021-01-18 07:02:27
642,Polycythemia Vera,263300,,2021-01-18 06:46:06,2021-01-18 07:02:28
643,"Scid, Autosomal Recessive, T-negative/b-positive Type",600802,,2021-01-18 06:46:06,2021-01-18 07:02:28
644,Immunodeficiency 22,615758,,2021-01-18 06:46:06,2021-01-18 07:02:28
645,Visual Impairment And Progressive Phthisis Bulbi,618283,,2021-01-18 06:46:06,2021-01-18 07:02:28
646,"Autoimmune Lymphoproliferative Syndrome, Type Iii",615559,,2021-01-18 06:46:06,2021-01-18 07:02:28
647,"Melorheostosis, Isolated",155950,,2021-01-18 06:46:07,2021-01-18 07:02:28
648,"Multiple Endocrine Neoplasia, Type Iia",171400,,2021-01-18 06:46:07,2021-01-18 07:02:28
649,"Thyroid Carcinoma, Familial Medullary",155240,,2021-01-18 06:46:07,2021-01-18 07:02:28
650,"Central Hypoventilation Syndrome, Congenital",209880,,2021-01-18 06:46:07,2021-01-18 07:02:28
651,Pheochromocytoma,171300,,2021-01-18 06:46:07,2021-01-18 07:02:28
652,"Hirschsprung Disease, Susceptibility To, 1",142623,,2021-01-18 06:46:07,2021-01-18 07:02:28
653,"Multiple Endocrine Neoplasia, Type Iib",162300,,2021-01-18 06:46:07,2021-01-18 07:02:28
654,"Growth Hormone Insensitivity With Immune Dysregulation 2, Autosomal Dominant",618985,,2021-01-18 06:46:07,2021-01-18 07:02:28
655,"Growth Hormone Insensitivity With Immune Dysregulation 1, Autosomal Recessive",245590,,2021-01-18 06:46:07,2021-01-18 07:02:28
656,Immunodeficiency 35,611521,,2021-01-18 06:46:07,2021-01-18 07:02:28
657,Parkinson Disease 8,607060,,2021-01-18 06:46:07,2021-01-18 07:02:28
658,,156200,,2021-02-25 17:53:05,2021-02-25 17:53:05
659,,187950,,2021-02-25 17:53:14,2021-02-25 17:53:14
660,,146830,,2021-02-25 17:53:28,2021-02-25 17:53:28
661,,601859,,2021-02-25 17:53:31,2021-02-25 17:53:31
662,,115310,,2021-02-25 17:53:34,2021-02-25 17:53:34
663,,191830,,2021-02-25 17:53:40,2021-02-25 17:53:40
664,,612376,,2021-02-25 17:53:49,2021-02-25 17:53:49
665,,168601,,2021-02-25 17:53:52,2021-02-25 17:53:52
666,,300557,,2021-02-25 17:53:56,2021-02-25 17:53:56
667,,610448,,2021-04-20 15:43:07,2021-04-20 15:43:07
668,,219200,,2021-04-20 15:44:32,2021-04-20 15:44:32
669,,219150,,2021-04-20 15:44:49,2021-04-20 15:44:49
670,,614438,,2021-04-20 15:44:52,2021-04-20 15:44:52
671,,614557,,2021-04-20 15:45:08,2021-04-20 15:45:08
672,,225400,,2021-04-20 15:45:11,2021-04-20 15:45:11
673,,615349,,2021-04-20 15:45:17,2021-04-20 15:45:17
674,,130070,,2021-04-20 15:45:20,2021-04-20 15:45:20
675,,612350,,2021-04-20 15:45:24,2021-04-20 15:45:24
676,,601075,,2021-04-20 15:45:42,2021-04-20 15:45:42
677,,617920,,2021-04-20 15:46:38,2021-04-20 15:46:38
678,,105250,,2021-04-20 15:46:42,2021-04-20 15:46:42
679,,106250,,2021-04-20 15:47:38,2021-04-20 15:47:38
680,,601217,,2021-04-20 15:49:28,2021-04-20 15:49:28
681,,612079,,2021-04-20 15:49:41,2021-04-20 15:49:41
682,,209500,,2021-04-20 15:49:44,2021-04-20 15:49:44
683,,613102,,2021-04-20 15:49:57,2021-04-20 15:49:57
684,,146520,,2021-04-20 15:50:07,2021-04-20 15:50:07
685,,602400,,2021-04-20 15:50:13,2021-04-20 15:50:13
686,,600628,,2021-04-20 15:50:20,2021-04-20 15:50:20
687,,616367,,2021-04-20 15:50:23,2021-04-20 15:50:23
688,,618373,,2021-04-20 15:50:32,2021-04-20 15:50:32
689,,162900,,2021-04-20 15:51:11,2021-04-20 15:51:11
690,,605676,,2021-04-20 15:51:38,2021-04-20 15:51:38
691,,607655,,2021-04-20 15:51:45,2021-04-20 15:51:45
692,,616099,,2021-04-20 15:51:48,2021-04-20 15:51:48
693,,206800,,2021-04-20 15:51:59,2021-04-20 15:51:59
694,,101900,,2021-04-20 15:52:47,2021-04-20 15:52:47
695,,124500,,2021-04-20 15:53:26,2021-04-20 15:53:26
696,,601952,,2021-04-20 15:53:33,2021-04-20 15:53:33
697,,615328,,2021-04-20 15:53:53,2021-04-20 15:53:53
698,,610644,,2021-04-20 15:54:06,2021-04-20 15:54:06
699,,224750,,2021-04-20 15:54:15,2021-04-20 15:54:15
700,,600962,,2021-04-20 15:54:33,2021-04-20 15:54:33
701,,600231,,2021-04-20 15:54:36,2021-04-20 15:54:36
702,,244850,,2021-04-20 15:54:46,2021-04-20 15:54:46
703,,615598,,2021-04-20 15:54:52,2021-04-20 15:54:52
704,,148730,,2021-04-20 15:55:04,2021-04-20 15:55:04
705,,607658,,2021-04-20 15:55:08,2021-04-20 15:55:08
706,,616029,,2021-04-20 15:55:23,2021-04-20 15:55:23
707,,615735,,2021-04-20 15:55:37,2021-04-20 15:55:37
708,,114140,,2021-04-20 15:55:44,2021-04-20 15:55:44
709,,613000,,2021-04-20 15:55:47,2021-04-20 15:55:47
710,,144190,,2021-04-20 15:56:00,2021-04-20 15:56:00
711,,615522,,2021-04-20 15:56:04,2021-04-20 15:56:04
712,,268400,,2021-04-20 15:56:36,2021-04-20 15:56:36
713,,615273,,2021-04-20 15:57:23,2021-04-20 15:57:23
714,,258840,,2021-04-20 15:57:35,2021-04-20 15:57:35
715,,613195,,2021-04-20 15:57:42,2021-04-20 15:57:42
716,,609993,,2021-04-20 15:57:55,2021-04-20 15:57:55
717,,308100,,2021-04-20 15:58:53,2021-04-20 15:58:53
718,,607936,,2021-04-20 15:59:15,2021-04-20 15:59:15
719,,113800,,2021-04-20 15:59:35,2021-04-20 15:59:35
720,,609165,,2021-04-20 15:59:41,2021-04-20 15:59:41
721,,616265,,2021-04-20 15:59:59,2021-04-20 15:59:59
722,,270300,,2021-04-20 16:00:02,2021-04-20 16:00:02
723,,612138,,2021-04-20 16:00:42,2021-04-20 16:00:42
724,,617294,,2021-04-20 16:00:45,2021-04-20 16:00:45
725,,609057,,2021-04-20 16:00:48,2021-04-20 16:00:48
726,,601001,,2021-04-20 16:01:00,2021-04-20 16:01:00
727,,615425,,2021-04-20 16:01:03,2021-04-20 16:01:03
728,,615028,,2021-04-20 16:01:07,2021-04-20 16:01:07
729,,609352,,2021-04-20 16:01:10,2021-04-20 16:01:10
730,,614748,,2021-04-20 16:01:29,2021-04-20 16:01:29
731,,226730,,2021-04-20 16:01:36,2021-04-20 16:01:36
732,,245660,,2021-04-20 16:01:39,2021-04-20 16:01:39
733,,175850,,2021-04-20 16:02:19,2021-04-20 16:02:19
734,,610483,,2021-04-20 16:03:12,2021-04-20 16:03:12
735,,114580,,2021-04-20 16:03:25,2021-04-20 16:03:25
736,,233650,,2021-04-20 16:03:29,2021-04-20 16:03:29
737,,609536,,2021-04-20 16:03:35,2021-04-20 16:03:35
738,,614468,,2021-04-20 16:03:45,2021-04-20 16:03:45
739,,309900,,2021-04-20 16:04:19,2021-04-20 16:04:19
740,,613675,,2021-04-20 16:07:30,2021-04-20 16:07:30
741,,162200,,2021-04-20 16:07:34,2021-04-20 16:07:34
742,,614076,,2021-04-20 16:08:36,2021-04-20 16:08:36
743,,614077,,2021-04-20 16:08:40,2021-04-20 16:08:40
744,,614171,,2021-04-20 16:08:43,2021-04-20 16:08:43
745,,614072,,2021-04-20 16:08:50,2021-04-20 16:08:50
746,,203300,,2021-04-20 16:08:53,2021-04-20 16:08:53
747,,231080,,2021-04-20 16:10:11,2021-04-20 16:10:11
748,,152950,,2021-04-20 16:10:14,2021-04-20 16:10:14
749,,613611,,2021-04-20 16:10:39,2021-04-20 16:10:39
750,,601927,,2021-04-20 16:11:05,2021-04-20 16:11:05
751,,132700,,2021-04-20 16:13:54,2021-04-20 16:13:54
752,,601606,,2021-04-20 16:13:57,2021-04-20 16:13:57
753,,211900,,2021-04-20 16:14:03,2021-04-20 16:14:03
754,,610455,,2021-04-20 16:14:06,2021-04-20 16:14:06
755,,254400,,2021-04-20 16:15:14,2021-04-20 16:15:14
756,,125630,,2021-04-20 16:16:49,2021-04-20 16:16:49
757,,615238,,2021-04-20 16:17:31,2021-04-20 16:17:31
758,,613877,,2021-04-20 16:17:43,2021-04-20 16:17:43
759,,142630,,2021-04-20 16:18:58,2021-04-20 16:18:58
760,,608579,,2021-04-20 16:19:49,2021-04-20 16:19:49
761,,227090,,2021-04-20 16:20:03,2021-04-20 16:20:03
762,,133000,,2021-04-20 16:20:07,2021-04-20 16:20:07
