id,disease_id,name,description,created_at,updated_at,umlsid,phenotype_id
1,,,,2020-12-22 18:01:19,2020-12-22 18:01:19,C0268314,NULL
2,,,,2020-12-22 18:01:19,2020-12-22 18:01:19,C0175701,NULL
3,,,,2020-12-22 18:01:19,2020-12-22 18:01:19,C1856871,NULL
4,,,,2020-12-22 18:01:19,2020-12-22 18:01:19,C2931197,NULL
5,,,,2020-12-22 18:01:19,2020-12-22 18:01:19,C0406707,NULL
6,,,,2020-12-22 18:01:20,2020-12-22 18:01:20,C0271693,NULL
7,,,,2020-12-22 18:01:20,2020-12-22 18:01:20,C3665770,NULL
8,,,,2020-12-22 18:01:20,2020-12-22 18:01:20,C1853354,NULL
9,,,,2020-12-22 18:01:20,2020-12-22 18:01:20,C0221036,NULL
10,,,,2020-12-22 18:01:20,2020-12-22 18:01:20,C0238590,NULL
11,,,,2020-12-22 18:01:20,2020-12-22 18:01:20,C0406584,NULL
12,,,,2020-12-22 18:01:21,2020-12-22 18:01:21,C0545044,NULL
13,,,,2020-12-22 18:01:21,2020-12-22 18:01:21,C0406365,NULL
14,,,,2020-12-22 18:01:21,2020-12-22 18:01:21,C0085077,NULL
15,,,,2020-12-22 18:01:21,2020-12-22 18:01:21,C0162565,NULL
16,,,,2020-12-22 18:01:21,2020-12-22 18:01:21,C0265268,NULL
17,,,,2020-12-22 18:01:21,2020-12-22 18:01:21,C0001529,NULL
18,,,,2020-12-22 18:01:21,2020-12-22 18:01:21,C1863204,NULL
19,,,,2020-12-22 18:01:21,2020-12-22 18:01:21,C0023493,NULL
20,,,,2020-12-22 18:01:21,2020-12-22 18:01:21,C1838099,NULL
21,,,,2020-12-22 18:01:21,2020-12-22 18:01:21,C1845068,NULL
22,,,,2020-12-22 18:01:22,2020-12-22 18:01:22,C1845069,NULL
23,,,,2020-12-22 18:01:22,2020-12-22 18:01:22,C0002066,NULL
24,,,,2020-12-22 18:01:22,2020-12-22 18:01:22,C2931645,NULL
25,,,,2020-12-22 18:01:22,2020-12-22 18:01:22,C0263504,NULL
26,,,,2020-12-22 18:01:22,2020-12-22 18:01:22,C0263505,NULL
27,,,,2020-12-22 18:01:22,2020-12-22 18:01:22,C1863090,NULL
28,,,,2020-12-22 18:01:22,2020-12-22 18:01:22,C0795895,NULL
29,,,,2020-12-22 18:01:22,2020-12-22 18:01:22,C2931280,NULL
30,,,,2020-12-22 18:01:22,2020-12-22 18:01:22,C1840362,NULL
31,,,,2020-12-22 18:01:22,2020-12-22 18:01:22,C1863006,NULL
32,,,,2020-12-22 18:01:22,2020-12-22 18:01:22,C1785148,NULL
33,,,,2020-12-22 18:01:22,2020-12-22 18:01:22,C0406363,NULL
34,,,,2020-12-22 18:01:22,2020-12-22 18:01:22,C1862841,NULL
35,,,,2020-12-22 18:01:23,2020-12-22 18:01:23,C1867439,NULL
36,,,,2020-12-22 18:01:23,2020-12-22 18:01:23,C0282160,NULL
37,,,,2020-12-22 18:01:23,2020-12-22 18:01:23,C1859753,NULL
38,,,,2020-12-22 18:01:23,2020-12-22 18:01:23,C0342280,NULL
39,,,,2020-12-22 18:01:23,2020-12-22 18:01:23,C1859726,NULL
40,,,,2020-12-22 18:01:23,2020-12-22 18:01:23,C0268345,NULL
41,,,,2020-12-22 18:01:23,2020-12-22 18:01:23,C1866427,NULL
42,,,,2020-12-22 18:01:23,2020-12-22 18:01:23,C1859722,NULL
43,,,,2020-12-22 18:01:23,2020-12-22 18:01:23,C0004135,NULL
44,,,,2020-12-22 18:01:23,2020-12-22 18:01:23,C1876175,NULL
45,,,,2020-12-22 18:01:23,2020-12-22 18:01:23,C1858391,NULL
46,,,,2020-12-22 18:01:23,2020-12-22 18:01:23,C1859598,NULL
47,,,,2020-12-22 18:01:23,2020-12-22 18:01:23,C0398791,NULL
48,,,,2020-12-22 18:01:23,2020-12-22 18:01:23,C2930831,NULL
49,,,,2020-12-22 18:01:23,2020-12-22 18:01:23,C0023647,NULL
50,,,,2020-12-22 18:01:23,2020-12-22 18:01:23,C0263429,NULL
51,,,,2020-12-22 18:01:24,2020-12-22 18:01:24,C2675730,NULL
52,,,,2020-12-22 18:01:24,2020-12-22 18:01:24,C2936739,NULL
53,,,,2020-12-22 18:01:24,2020-12-22 18:01:24,C3489795,NULL
54,,,,2020-12-22 18:01:24,2020-12-22 18:01:24,C3887645,NULL
55,,,,2020-12-22 18:01:24,2020-12-22 18:01:24,C1863093,NULL
56,,,,2020-12-22 18:01:24,2020-12-22 18:01:24,C0162568,NULL
57,,,,2020-12-22 18:01:24,2020-12-22 18:01:24,C1859316,NULL
58,,,,2020-12-22 18:01:24,2020-12-22 18:01:24,C0265326,NULL
59,,,,2020-12-22 18:01:24,2020-12-22 18:01:24,C1319466,NULL
60,,,,2020-12-22 18:01:24,2020-12-22 18:01:24,C1863557,NULL
61,,,,2020-12-22 18:01:24,2020-12-22 18:01:24,C1867023,NULL
62,,,,2020-12-22 18:01:24,2020-12-22 18:01:24,C2931267,NULL
63,,,,2020-12-22 18:01:24,2020-12-22 18:01:24,C0220989,NULL
64,,,,2020-12-22 18:01:24,2020-12-22 18:01:24,C0346104,NULL
65,,,,2020-12-22 18:01:24,2020-12-22 18:01:24,C1852406,NULL
66,,,,2020-12-22 18:01:24,2020-12-22 18:01:24,C0263579,NULL
67,,,,2020-12-22 18:01:24,2020-12-22 18:01:24,C1858042,NULL
68,,,,2020-12-22 18:01:25,2020-12-22 18:01:25,C0004943,NULL
69,,,,2020-12-22 18:01:25,2020-12-22 18:01:25,C0220754,NULL
70,,,,2020-12-22 18:01:25,2020-12-22 18:01:25,C1854698,NULL
71,,,,2020-12-22 18:01:25,2020-12-22 18:01:25,C0346010,NULL
72,,,,2020-12-22 18:01:25,2020-12-22 18:01:25,C0266006,NULL
73,,,,2020-12-22 18:01:25,2020-12-22 18:01:25,C1861303,NULL
74,,,,2020-12-22 18:01:25,2020-12-22 18:01:25,C1861536,NULL
75,,,,2020-12-22 18:01:25,2020-12-22 18:01:25,C0005859,NULL
76,,,,2020-12-22 18:01:25,2020-12-22 18:01:25,C0346072,NULL
77,,,,2020-12-22 18:01:26,2020-12-22 18:01:26,C0457014,NULL
78,,,,2020-12-22 18:01:26,2020-12-22 18:01:26,C0268344,NULL
79,,,,2020-12-22 18:01:26,2020-12-22 18:01:26,C0795974,NULL
80,,,,2020-12-22 18:01:26,2020-12-22 18:01:26,C0265514,NULL
81,,,,2020-12-22 18:01:26,2020-12-22 18:01:26,C1859371,NULL
82,,,,2020-12-22 18:01:26,2020-12-22 18:01:26,C2676032,NULL
83,,,,2020-12-22 18:01:26,2020-12-22 18:01:26,C1856241,NULL
84,,,,2020-12-22 18:01:26,2020-12-22 18:01:26,C0795905,NULL
85,,,,2020-12-22 18:01:26,2020-12-22 18:01:26,C2673649,NULL
86,,,,2020-12-22 18:01:26,2020-12-22 18:01:26,C1857034,NULL
87,,,,2020-12-22 18:01:26,2020-12-22 18:01:26,C1275081,NULL
88,,,,2020-12-22 18:01:26,2020-12-22 18:01:26,C0406810,NULL
89,,,,2020-12-22 18:01:26,2020-12-22 18:01:26,C2607929,NULL
90,,,,2020-12-22 18:01:26,2020-12-22 18:01:26,C0220748,NULL
91,,,,2020-12-22 18:01:26,2020-12-22 18:01:26,C1859306,NULL
92,,,,2020-12-22 18:01:27,2020-12-22 18:01:27,C1836033,NULL
93,,,,2020-12-22 18:01:27,2020-12-22 18:01:27,C0220722,NULL
94,,,,2020-12-22 18:01:27,2020-12-22 18:01:27,C1859312,NULL
95,,,,2020-12-22 18:01:27,2020-12-22 18:01:27,C2931277,NULL
96,,,,2020-12-22 18:01:27,2020-12-22 18:01:27,C0238052,NULL
97,,,,2020-12-22 18:01:27,2020-12-22 18:01:27,C1855902,NULL
98,,,,2020-12-22 18:01:27,2020-12-22 18:01:27,C2931676,NULL
99,,,,2020-12-22 18:01:27,2020-12-22 18:01:27,C0268238,NULL
100,,,,2020-12-22 18:01:27,2020-12-22 18:01:27,C0007965,NULL
101,,,,2020-12-22 18:01:27,2020-12-22 18:01:27,C0267034,NULL
102,,,,2020-12-22 18:01:27,2020-12-22 18:01:27,C0265267,NULL
103,,,,2020-12-22 18:01:27,2020-12-22 18:01:27,C0393576,NULL
104,,,,2020-12-22 18:01:28,2020-12-22 18:01:28,C0018203,NULL
105,,,,2020-12-22 18:01:28,2020-12-22 18:01:28,C0410422,NULL
106,,,,2020-12-22 18:01:28,2020-12-22 18:01:28,C1864997,NULL
107,,,,2020-12-22 18:01:28,2020-12-22 18:01:28,C0473586,NULL
108,,,,2020-12-22 18:01:28,2020-12-22 18:01:28,C1848029,NULL
109,,,,2020-12-22 18:01:28,2020-12-22 18:01:28,C0162361,NULL
110,,,,2020-12-22 18:01:28,2020-12-22 18:01:28,C0346068,NULL
111,,,,2020-12-22 18:01:28,2020-12-22 18:01:28,C0751039,NULL
112,,,,2020-12-22 18:01:28,2020-12-22 18:01:28,C0751038,NULL
113,,,,2020-12-22 18:01:28,2020-12-22 18:01:28,C0751037,NULL
114,,,,2020-12-22 18:01:29,2020-12-22 18:01:29,C2931010,NULL
115,,,,2020-12-22 18:01:29,2020-12-22 18:01:29,C0011859,NULL
116,,,,2020-12-22 18:01:29,2020-12-22 18:01:29,C0221032,NULL
117,,,,2020-12-22 18:01:29,2020-12-22 18:01:29,C2750069,NULL
118,,,,2020-12-22 18:01:29,2020-12-22 18:01:29,C1852542,NULL
119,,,,2020-12-22 18:01:29,2020-12-22 18:01:29,C2931506,NULL
120,,,,2020-12-22 18:01:29,2020-12-22 18:01:29,C0587248,NULL
121,,,,2020-12-22 18:01:29,2020-12-22 18:01:29,C0018553,NULL
122,,,,2020-12-22 18:01:29,2020-12-22 18:01:29,C0432348,NULL
123,,,,2020-12-22 18:01:29,2020-12-22 18:01:29,C0432235,NULL
124,,,,2020-12-22 18:01:30,2020-12-22 18:01:30,C0282207,NULL
125,,,,2020-12-22 18:01:30,2020-12-22 18:01:30,C0343115,NULL
126,,,,2020-12-22 18:01:30,2020-12-22 18:01:30,C0268350,NULL
127,,,,2020-12-22 18:01:30,2020-12-22 18:01:30,C0268351,NULL
128,,,,2020-12-22 18:01:30,2020-12-22 18:01:30,C0432336,NULL
129,,,,2020-12-22 18:01:30,2020-12-22 18:01:30,C0345419,NULL
130,,,,2020-12-22 18:01:30,2020-12-22 18:01:30,C0263417,NULL
131,,,,2020-12-22 18:01:30,2020-12-22 18:01:30,C1855477,NULL
132,,,,2020-12-22 18:01:30,2020-12-22 18:01:30,C0022595,NULL
133,,,,2020-12-22 18:01:31,2020-12-22 18:01:31,C1857340,NULL
134,,,,2020-12-22 18:01:31,2020-12-22 18:01:31,C1856186,NULL
135,,,,2020-12-22 18:01:31,2020-12-22 18:01:31,C2748507,NULL
136,,,,2020-12-22 18:01:31,2020-12-22 18:01:31,C0011608,NULL
137,,,,2020-12-22 18:01:31,2020-12-22 18:01:31,C0392784,NULL
138,,,,2020-12-22 18:01:31,2020-12-22 18:01:31,C0011633,NULL
139,,,,2020-12-22 18:01:31,2020-12-22 18:01:31,C0221056,NULL
140,,,,2020-12-22 18:01:31,2020-12-22 18:01:31,C1857301,NULL
141,,,,2020-12-22 18:01:31,2020-12-22 18:01:31,C0406778,NULL
142,,,,2020-12-22 18:01:31,2020-12-22 18:01:31,C2700425,NULL
143,,,,2020-12-22 18:01:31,2020-12-22 18:01:31,C0432288,NULL
144,,,,2020-12-22 18:01:31,2020-12-22 18:01:31,C1852144,NULL
145,,,,2020-12-22 18:01:32,2020-12-22 18:01:32,C0265970,NULL
146,,,,2020-12-22 18:01:32,2020-12-22 18:01:32,C1835849,NULL
147,,,,2020-12-22 18:01:32,2020-12-22 18:01:32,C0795927,NULL
148,,,,2020-12-22 18:01:32,2020-12-22 18:01:32,C3714534,NULL
149,,,,2020-12-22 18:01:32,2020-12-22 18:01:32,C0175691,NULL
150,,,,2020-12-22 18:01:32,2020-12-22 18:01:32,C1275088,NULL
151,,,,2020-12-22 18:01:32,2020-12-22 18:01:32,C0406775,NULL
152,,,,2020-12-22 18:01:32,2020-12-22 18:01:32,C1306229,NULL
153,,,,2020-12-22 18:01:33,2020-12-22 18:01:33,C0265965,NULL
154,,,,2020-12-22 18:01:33,2020-12-22 18:01:33,C0079294,NULL
155,,,,2020-12-22 18:01:33,2020-12-22 18:01:33,C1858302,NULL
156,,,,2020-12-22 18:01:33,2020-12-22 18:01:33,C1851858,NULL
157,,,,2020-12-22 18:01:33,2020-12-22 18:01:33,C1832444,NULL
158,,,,2020-12-22 18:01:33,2020-12-22 18:01:33,C1832411,NULL
159,,,,2020-12-22 18:01:33,2020-12-22 18:01:33,C0406704,NULL
160,,,,2020-12-22 18:01:33,2020-12-22 18:01:33,C1851841,NULL
161,,,,2020-12-22 18:01:33,2020-12-22 18:01:33,C1857041,NULL
162,,,,2020-12-22 18:01:33,2020-12-22 18:01:33,C0406555,NULL
163,,,,2020-12-22 18:01:33,2020-12-22 18:01:33,C0221271,NULL
164,,,,2020-12-22 18:01:33,2020-12-22 18:01:33,C0013903,NULL
165,,,,2020-12-22 18:01:34,2020-12-22 18:01:34,C0406612,NULL
166,,,,2020-12-22 18:01:34,2020-12-22 18:01:34,C0014522,NULL
167,,,,2020-12-22 18:01:34,2020-12-22 18:01:34,C2931072,NULL
168,,,,2020-12-22 18:01:34,2020-12-22 18:01:34,C0079293,NULL
169,,,,2020-12-22 18:01:34,2020-12-22 18:01:34,C0079298,NULL
170,,,,2020-12-22 18:01:34,2020-12-22 18:01:34,C0432316,NULL
171,,,,2020-12-22 18:01:34,2020-12-22 18:01:34,C0079295,NULL
172,,,,2020-12-22 18:01:34,2020-12-22 18:01:34,C0079299,NULL
173,,,,2020-12-22 18:01:34,2020-12-22 18:01:34,C0080333,NULL
174,,,,2020-12-22 18:01:34,2020-12-22 18:01:34,C0432317,NULL
175,,,,2020-12-22 18:01:34,2020-12-22 18:01:34,C1864826,NULL
176,,,,2020-12-22 18:01:35,2020-12-22 18:01:35,C0343110,NULL
177,,,,2020-12-22 18:01:35,2020-12-22 18:01:35,C1721006,NULL
178,,,,2020-12-22 18:01:35,2020-12-22 18:01:35,C2931735,NULL
179,,,,2020-12-22 18:01:35,2020-12-22 18:01:35,C0878675,NULL
180,,,,2020-12-22 18:01:35,2020-12-22 18:01:35,C0263398,NULL
181,,,,2020-12-22 18:01:35,2020-12-22 18:01:35,C0265961,NULL
182,,,,2020-12-22 18:01:35,2020-12-22 18:01:35,C0014805,NULL
183,,,,2020-12-22 18:01:35,2020-12-22 18:01:35,C0018197,NULL
184,,,,2020-12-22 18:01:35,2020-12-22 18:01:35,C0392788,NULL
185,,,,2020-12-22 18:01:35,2020-12-22 18:01:35,C0002986,NULL
186,,,,2020-12-22 18:01:35,2020-12-22 18:01:35,C0343068,NULL
187,,,,2020-12-22 18:01:35,2020-12-22 18:01:35,C0406817,NULL
188,,,,2020-12-22 18:01:36,2020-12-22 18:01:36,C0013364,NULL
189,,,,2020-12-22 18:01:36,2020-12-22 18:01:36,C0268349,NULL
190,,,,2020-12-22 18:01:36,2020-12-22 18:01:36,C3489413,NULL
191,,,,2020-12-22 18:01:36,2020-12-22 18:01:36,C0271694,NULL
192,,,,2020-12-22 18:01:36,2020-12-22 18:01:36,C1720861,NULL
193,,,,2020-12-22 18:01:36,2020-12-22 18:01:36,C1720860,NULL
194,,,,2020-12-22 18:01:36,2020-12-22 18:01:36,C1720859,NULL
195,,,,2020-12-22 18:01:36,2020-12-22 18:01:36,C1857624,NULL
196,,,,2020-12-22 18:01:37,2020-12-22 18:01:37,C0015625,NULL
197,,,,2020-12-22 18:01:37,2020-12-22 18:01:37,C0268255,NULL
198,,,,2020-12-22 18:01:37,2020-12-22 18:01:37,C2936785,NULL
199,,,,2020-12-22 18:01:37,2020-12-22 18:01:37,C0016037,NULL
200,,,,2020-12-22 18:01:37,2020-12-22 18:01:37,C0343108,NULL
201,,,,2020-12-22 18:01:37,2020-12-22 18:01:37,C0016395,NULL
202,,,,2020-12-22 18:01:37,2020-12-22 18:01:37,C2936827,NULL
203,,,,2020-12-22 18:01:37,2020-12-22 18:01:37,C1274700,NULL
204,,,,2020-12-22 18:01:38,2020-12-22 18:01:38,C0406723,NULL
205,,,,2020-12-22 18:01:38,2020-12-22 18:01:38,C0017097,NULL
206,,,,2020-12-22 18:01:38,2020-12-22 18:01:38,C0301928,NULL
207,,,,2020-12-22 18:01:38,2020-12-22 18:01:38,C1850899,NULL
208,,,,2020-12-22 18:01:38,2020-12-22 18:01:38,C1842704,NULL
209,,,,2020-12-22 18:01:38,2020-12-22 18:01:38,C0343055,NULL
210,,,,2020-12-22 18:01:38,2020-12-22 18:01:38,C0432255,NULL
211,,,,2020-12-22 18:01:38,2020-12-22 18:01:38,C1318558,NULL
212,,,,2020-12-22 18:01:38,2020-12-22 18:01:38,C1842036,NULL
213,,,,2020-12-22 18:01:38,2020-12-22 18:01:38,C1836824,NULL
214,,,,2020-12-22 18:01:38,2020-12-22 18:01:38,C0345382,NULL
215,,,,2020-12-22 18:01:39,2020-12-22 18:01:39,C0376407,NULL
216,,,,2020-12-22 18:01:39,2020-12-22 18:01:39,C0457002,NULL
217,,,,2020-12-22 18:01:39,2020-12-22 18:01:39,C1859194,NULL
218,,,,2020-12-22 18:01:39,2020-12-22 18:01:39,C1868679,NULL
219,,,,2020-12-22 18:01:39,2020-12-22 18:01:39,C1836573,NULL
220,,,,2020-12-22 18:01:39,2020-12-22 18:01:39,C0085106,NULL
221,,,,2020-12-22 18:01:39,2020-12-22 18:01:39,C1855627,NULL
222,,,,2020-12-22 18:01:39,2020-12-22 18:01:39,C1841696,NULL
223,,,,2020-12-22 18:01:39,2020-12-22 18:01:39,C2930953,NULL
224,,,,2020-12-22 18:01:39,2020-12-22 18:01:39,C0018522,NULL
225,,,,2020-12-22 18:01:39,2020-12-22 18:01:39,C1850079,NULL
226,,,,2020-12-22 18:01:39,2020-12-22 18:01:39,C0239849,NULL
227,,,,2020-12-22 18:01:39,2020-12-22 18:01:39,C0598226,NULL
228,,,,2020-12-22 18:01:39,2020-12-22 18:01:39,C0018609,NULL
229,,,,2020-12-22 18:01:39,2020-12-22 18:01:39,C0340834,NULL
230,,,,2020-12-22 18:01:39,2020-12-22 18:01:39,C0162569,NULL
231,,,,2020-12-22 18:01:39,2020-12-22 18:01:39,C0268324,NULL
232,,,,2020-12-22 18:01:40,2020-12-22 18:01:40,C0162531,NULL
233,,,,2020-12-22 18:01:40,2020-12-22 18:01:40,C0039445,NULL
234,,,,2020-12-22 18:01:40,2020-12-22 18:01:40,C1708350,NULL
235,,,,2020-12-22 18:01:40,2020-12-22 18:01:40,C0025183,NULL
236,,,,2020-12-22 18:01:40,2020-12-22 18:01:40,C0238261,NULL
237,,,,2020-12-22 18:01:40,2020-12-22 18:01:40,C1704424,NULL
238,,,,2020-12-22 18:01:40,2020-12-22 18:01:40,C1704425,NULL
239,,,,2020-12-22 18:01:40,2020-12-22 18:01:40,C1274795,NULL
240,,,,2020-12-22 18:01:40,2020-12-22 18:01:40,C0238339,NULL
241,,,,2020-12-22 18:01:40,2020-12-22 18:01:40,C0341474,NULL
242,,,,2020-12-22 18:01:40,2020-12-22 18:01:40,C1842362,NULL
243,,,,2020-12-22 18:01:40,2020-12-22 18:01:40,C0268581,NULL
244,,,,2020-12-22 18:01:40,2020-12-22 18:01:40,C0020241,NULL
245,,,,2020-12-22 18:01:41,2020-12-22 18:01:41,C0398691,NULL
246,,,,2020-12-22 18:01:41,2020-12-22 18:01:41,C0263420,NULL
247,,,,2020-12-22 18:01:41,2020-12-22 18:01:41,C0268337,NULL
248,,,,2020-12-22 18:01:41,2020-12-22 18:01:41,C0162359,NULL
249,,,,2020-12-22 18:01:41,2020-12-22 18:01:41,C0406702,NULL
250,,,,2020-12-22 18:01:41,2020-12-22 18:01:41,C1706004,NULL
251,,,,2020-12-22 18:01:41,2020-12-22 18:01:41,C1857052,NULL
252,,,,2020-12-22 18:01:41,2020-12-22 18:01:41,C1854310,NULL
253,,,,2020-12-22 18:01:42,2020-12-22 18:01:42,C1855788,NULL
254,,,,2020-12-22 18:01:42,2020-12-22 18:01:42,C0432306,NULL
255,,,,2020-12-22 18:01:42,2020-12-22 18:01:42,C1839988,NULL
256,,,,2020-12-22 18:01:42,2020-12-22 18:01:42,C0432307,NULL
257,,,,2020-12-22 18:01:42,2020-12-22 18:01:42,C1840296,NULL
258,,,,2020-12-22 18:01:42,2020-12-22 18:01:42,C1837610,NULL
259,,,,2020-12-22 18:01:42,2020-12-22 18:01:42,C1843355,NULL
260,,,,2020-12-22 18:01:42,2020-12-22 18:01:42,C1855787,NULL
261,,,,2020-12-22 18:01:42,2020-12-22 18:01:42,C0021171,NULL
262,,,,2020-12-22 18:01:42,2020-12-22 18:01:42,C0022283,NULL
263,,,,2020-12-22 18:01:42,2020-12-22 18:01:42,C2930820,NULL
264,,,,2020-12-22 18:01:42,2020-12-22 18:01:42,C0432284,NULL
265,,,,2020-12-22 18:01:43,2020-12-22 18:01:43,C0473574,NULL
266,,,,2020-12-22 18:01:43,2020-12-22 18:01:43,C1838123,NULL
267,,,,2020-12-22 18:01:43,2020-12-22 18:01:43,C0175692,NULL
268,,,,2020-12-22 18:01:43,2020-12-22 18:01:43,C0796002,NULL
269,,,,2020-12-22 18:01:43,2020-12-22 18:01:43,C2673609,NULL
270,,,,2020-12-22 18:01:43,2020-12-22 18:01:43,C0079683,NULL
271,,,,2020-12-22 18:01:43,2020-12-22 18:01:43,C0263666,NULL
272,,,,2020-12-22 18:01:43,2020-12-22 18:01:43,C2931785,NULL
273,,,,2020-12-22 18:01:43,2020-12-22 18:01:43,C1835672,NULL
274,,,,2020-12-22 18:01:43,2020-12-22 18:01:43,C1835671,NULL
275,,,,2020-12-22 18:01:43,2020-12-22 18:01:43,C2931828,NULL
276,,,,2020-12-22 18:01:43,2020-12-22 18:01:43,C0025221,NULL
277,,,,2020-12-22 18:01:43,2020-12-22 18:01:43,C0406756,NULL
278,,,,2020-12-22 18:01:43,2020-12-22 18:01:43,C1839910,NULL
279,,,,2020-12-22 18:01:44,2020-12-22 18:01:44,C0343057,NULL
280,,,,2020-12-22 18:01:44,2020-12-22 18:01:44,C0265336,NULL
281,,,,2020-12-22 18:01:44,2020-12-22 18:01:44,C3665333,NULL
282,,,,2020-12-22 18:01:44,2020-12-22 18:01:44,C0406557,NULL
283,,,,2020-12-22 18:01:44,2020-12-22 18:01:44,C0266004,NULL
284,,,,2020-12-22 18:01:44,2020-12-22 18:01:44,C0406740,NULL
285,,,,2020-12-22 18:01:44,2020-12-22 18:01:44,C0265269,NULL
286,,,,2020-12-22 18:01:44,2020-12-22 18:01:44,C1856969,NULL
287,,,,2020-12-22 18:01:44,2020-12-22 18:01:44,C0158360,NULL
288,,,,2020-12-22 18:01:44,2020-12-22 18:01:44,C1969623,NULL
289,,,,2020-12-22 18:01:45,2020-12-22 18:01:45,C1842307,NULL
290,,,,2020-12-22 18:01:45,2020-12-22 18:01:45,C0175704,NULL
291,,,,2020-12-22 18:01:45,2020-12-22 18:01:45,C2931424,NULL
292,,,,2020-12-22 18:01:45,2020-12-22 18:01:45,C0265344,NULL
293,,,,2020-12-22 18:01:45,2020-12-22 18:01:45,C0544855,NULL
294,,,,2020-12-22 18:01:45,2020-12-22 18:01:45,C0023645,NULL
295,,,,2020-12-22 18:01:45,2020-12-22 18:01:45,C0406369,NULL
296,,,,2020-12-22 18:01:45,2020-12-22 18:01:45,C0406366,NULL
297,,,,2020-12-22 18:01:45,2020-12-22 18:01:45,C1863753,NULL
298,,,,2020-12-22 18:01:45,2020-12-22 18:01:45,C1304501,NULL
299,,,,2020-12-22 18:01:45,2020-12-22 18:01:45,C0406650,NULL
300,,,,2020-12-22 18:01:45,2020-12-22 18:01:45,C0023650,NULL
301,,,,2020-12-22 18:01:45,2020-12-22 18:01:45,C0265329,NULL
302,,,,2020-12-22 18:01:45,2020-12-22 18:01:45,C3854181,NULL
303,,,,2020-12-22 18:01:45,2020-12-22 18:01:45,C0036420,NULL
304,,,,2020-12-22 18:01:45,2020-12-22 18:01:45,C0023795,NULL
305,,,,2020-12-22 18:01:46,2020-12-22 18:01:46,C0431376,NULL
306,,,,2020-12-22 18:01:46,2020-12-22 18:01:46,C3501846,NULL
307,,,,2020-12-22 18:01:46,2020-12-22 18:01:46,C0406636,NULL
308,,,,2020-12-22 18:01:46,2020-12-22 18:01:46,C1835272,NULL
309,,,,2020-12-22 18:01:46,2020-12-22 18:01:46,C0265345,NULL
310,,,,2020-12-22 18:01:46,2020-12-22 18:01:46,C0580181,NULL
311,,,,2020-12-22 18:01:46,2020-12-22 18:01:46,C0206182,NULL
312,,,,2020-12-22 18:01:46,2020-12-22 18:01:46,C0024454,NULL
313,,,,2020-12-22 18:01:46,2020-12-22 18:01:46,C0221011,NULL
314,,,,2020-12-22 18:01:46,2020-12-22 18:01:46,C1837756,NULL
315,,,,2020-12-22 18:01:47,2020-12-22 18:01:47,C2931059,NULL
316,,,,2020-12-22 18:01:47,2020-12-22 18:01:47,C0265235,NULL
317,,,,2020-12-22 18:01:47,2020-12-22 18:01:47,C0242292,NULL
318,,,,2020-12-22 18:01:47,2020-12-22 18:01:47,C1865285,NULL
319,,,,2020-12-22 18:01:47,2020-12-22 18:01:47,C0025235,NULL
320,,,,2020-12-22 18:01:47,2020-12-22 18:01:47,C0022716,NULL
321,,,,2020-12-22 18:01:47,2020-12-22 18:01:47,C0007129,NULL
322,,,,2020-12-22 18:01:47,2020-12-22 18:01:47,C0342731,NULL
323,,,,2020-12-22 18:01:47,2020-12-22 18:01:47,C1959626,NULL
324,,,,2020-12-22 18:01:47,2020-12-22 18:01:47,C0796070,NULL
325,,,,2020-12-22 18:01:47,2020-12-22 18:01:47,C1704423,NULL
326,,,,2020-12-22 18:01:47,2020-12-22 18:01:47,C0546966,NULL
327,,,,2020-12-22 18:01:48,2020-12-22 18:01:48,C1836669,NULL
328,,,,2020-12-22 18:01:48,2020-12-22 18:01:48,C1865145,NULL
329,,,,2020-12-22 18:01:48,2020-12-22 18:01:48,C0268390,NULL
330,,,,2020-12-22 18:01:48,2020-12-22 18:01:48,C0026706,NULL
331,,,,2020-12-22 18:01:48,2020-12-22 18:01:48,C0086648,NULL
332,,,,2020-12-22 18:01:48,2020-12-22 18:01:48,C0030804,NULL
333,,,,2020-12-22 18:01:48,2020-12-22 18:01:48,C1321489,NULL
334,,,,2020-12-22 18:01:48,2020-12-22 18:01:48,C0311284,NULL
335,,,,2020-12-22 18:01:48,2020-12-22 18:01:48,C1861975,NULL
336,,,,2020-12-22 18:01:48,2020-12-22 18:01:48,C0268263,NULL
337,,,,2020-12-22 18:01:48,2020-12-22 18:01:48,C1720864,NULL
338,,,,2020-12-22 18:01:48,2020-12-22 18:01:48,C0023804,NULL
339,,,,2020-12-22 18:01:48,2020-12-22 18:01:48,C0024445,NULL
340,,,,2020-12-22 18:01:48,2020-12-22 18:01:48,C2931642,NULL
341,,,,2020-12-22 18:01:49,2020-12-22 18:01:49,C0343111,NULL
342,,,,2020-12-22 18:01:49,2020-12-22 18:01:49,C0027341,NULL
343,,,,2020-12-22 18:01:49,2020-12-22 18:01:49,C1832600,NULL
344,,,,2020-12-22 18:01:49,2020-12-22 18:01:49,C1275339,NULL
345,,,,2020-12-22 18:01:49,2020-12-22 18:01:49,C0027577,NULL
346,,,,2020-12-22 18:01:49,2020-12-22 18:01:49,C0409818,NULL
347,,,,2020-12-22 18:01:49,2020-12-22 18:01:49,C0406586,NULL
348,,,,2020-12-22 18:01:49,2020-12-22 18:01:49,C1619692,NULL
349,,,,2020-12-22 18:01:49,2020-12-22 18:01:49,C3888044,NULL
350,,,,2020-12-22 18:01:49,2020-12-22 18:01:49,C0265962,NULL
351,,,,2020-12-22 18:01:49,2020-12-22 18:01:49,C0265218,NULL
352,,,,2020-12-22 18:01:49,2020-12-22 18:01:49,C0544862,NULL
353,,,,2020-12-22 18:01:49,2020-12-22 18:01:49,C0553586,NULL
354,,,,2020-12-22 18:01:49,2020-12-22 18:01:49,C2931482,NULL
355,,,,2020-12-22 18:01:50,2020-12-22 18:01:50,C0004779,NULL
356,,,,2020-12-22 18:01:50,2020-12-22 18:01:50,C0812437,NULL
357,,,,2020-12-22 18:01:50,2020-12-22 18:01:50,C0265987,NULL
358,,,,2020-12-22 18:01:50,2020-12-22 18:01:50,C0030328,NULL
359,,,,2020-12-22 18:01:50,2020-12-22 18:01:50,C0079154,NULL
360,,,,2020-12-22 18:01:50,2020-12-22 18:01:50,C0028326,NULL
361,,,,2020-12-22 18:01:50,2020-12-22 18:01:50,C0268353,NULL
362,,,,2020-12-22 18:01:50,2020-12-22 18:01:50,C1096660,NULL
363,,,,2020-12-22 18:01:51,2020-12-22 18:01:51,C0268496,NULL
364,,,,2020-12-22 18:01:51,2020-12-22 18:01:51,C2936910,NULL
365,,,,2020-12-22 18:01:51,2020-12-22 18:01:51,C0268494,NULL
366,,,,2020-12-22 18:01:51,2020-12-22 18:01:51,C1847024,NULL
367,,,,2020-12-22 18:01:51,2020-12-22 18:01:51,C0268495,NULL
368,,,,2020-12-22 18:01:51,2020-12-22 18:01:51,C0342683,NULL
369,,,,2020-12-22 18:01:51,2020-12-22 18:01:51,C2931599,NULL
370,,,,2020-12-22 18:01:51,2020-12-22 18:01:51,C1838329,NULL
371,,,,2020-12-22 18:01:51,2020-12-22 18:01:51,C1832473,NULL
372,,,,2020-12-22 18:01:51,2020-12-22 18:01:51,C0796093,NULL
373,,,,2020-12-22 18:01:51,2020-12-22 18:01:51,C1275074,NULL
374,,,,2020-12-22 18:01:51,2020-12-22 18:01:51,C1850320,NULL
375,,,,2020-12-22 18:01:51,2020-12-22 18:01:51,C2609071,NULL
376,,,,2020-12-22 18:01:52,2020-12-22 18:01:52,C1862840,NULL
377,,,,2020-12-22 18:01:52,2020-12-22 18:01:52,C1510460,NULL
378,,,,2020-12-22 18:01:52,2020-12-22 18:01:52,C2931426,NULL
379,,,,2020-12-22 18:01:52,2020-12-22 18:01:52,C0265334,NULL
380,,,,2020-12-22 18:01:52,2020-12-22 18:01:52,C0406767,NULL
381,,,,2020-12-22 18:01:52,2020-12-22 18:01:52,C0030360,NULL
382,,,,2020-12-22 18:01:52,2020-12-22 18:01:52,C0038505,NULL
383,,,,2020-12-22 18:01:52,2020-12-22 18:01:52,C0343064,NULL
384,,,,2020-12-22 18:01:52,2020-12-22 18:01:52,C0406357,NULL
385,,,,2020-12-22 18:01:52,2020-12-22 18:01:52,C1849193,NULL
386,,,,2020-12-22 18:01:52,2020-12-22 18:01:52,C0796122,NULL
387,,,,2020-12-22 18:01:52,2020-12-22 18:01:52,C1850055,NULL
388,,,,2020-12-22 18:01:52,2020-12-22 18:01:52,C0030809,NULL
389,,,,2020-12-22 18:01:53,2020-12-22 18:01:53,C0268347,NULL
390,,,,2020-12-22 18:01:53,2020-12-22 18:01:53,C0031269,NULL
391,,,,2020-12-22 18:01:53,2020-12-22 18:01:53,C0263489,NULL
392,,,,2020-12-22 18:01:53,2020-12-22 18:01:53,C0263491,NULL
393,,,,2020-12-22 18:01:53,2020-12-22 18:01:53,C1849811,NULL
394,,,,2020-12-22 18:01:53,2020-12-22 18:01:53,C1849805,NULL
395,,,,2020-12-22 18:01:53,2020-12-22 18:01:53,C0206711,NULL
396,,,,2020-12-22 18:01:53,2020-12-22 18:01:53,C2931485,NULL
397,,,,2020-12-22 18:01:53,2020-12-22 18:01:53,C0032027,NULL
398,,,,2020-12-22 18:01:53,2020-12-22 18:01:53,C0349653,NULL
399,,,,2020-12-22 18:01:53,2020-12-22 18:01:53,C1858723,NULL
400,,,,2020-12-22 18:01:53,2020-12-22 18:01:53,C1849718,NULL
401,,,,2020-12-22 18:01:54,2020-12-22 18:01:54,C0949506,NULL
402,,,,2020-12-22 18:01:54,2020-12-22 18:01:54,C0162566,NULL
403,,,,2020-12-22 18:01:54,2020-12-22 18:01:54,C0432321,NULL
404,,,,2020-12-22 18:01:54,2020-12-22 18:01:54,C0268397,NULL
405,,,,2020-12-22 18:01:54,2020-12-22 18:01:54,C0033300,NULL
406,,,,2020-12-22 18:01:54,2020-12-22 18:01:54,C1261128,NULL
407,,,,2020-12-22 18:01:54,2020-12-22 18:01:54,C2931653,NULL
408,,,,2020-12-22 18:01:54,2020-12-22 18:01:54,C0334041,NULL
409,,,,2020-12-22 18:01:54,2020-12-22 18:01:54,C0268532,NULL
410,,,,2020-12-22 18:01:54,2020-12-22 18:01:54,C1534653,NULL
411,,,,2020-12-22 18:01:54,2020-12-22 18:01:54,C0085261,NULL
412,,,,2020-12-22 18:01:54,2020-12-22 18:01:54,C1866398,NULL
413,,,,2020-12-22 18:01:54,2020-12-22 18:01:54,C0269680,NULL
414,,,,2020-12-22 18:01:54,2020-12-22 18:01:54,C3494506,NULL
415,,,,2020-12-22 18:01:55,2020-12-22 18:01:55,C2932716,NULL
416,,,,2020-12-22 18:01:55,2020-12-22 18:01:55,C0086873,NULL
417,,,,2020-12-22 18:01:55,2020-12-22 18:01:55,C0033835,NULL
418,,,,2020-12-22 18:01:55,2020-12-22 18:01:55,C0033847,NULL
419,,,,2020-12-22 18:01:55,2020-12-22 18:01:55,C1867982,NULL
420,,,,2020-12-22 18:01:55,2020-12-22 18:01:55,C0030246,NULL
421,,,,2020-12-22 18:01:55,2020-12-22 18:01:55,C0085652,NULL
422,,,,2020-12-22 18:01:55,2020-12-22 18:01:55,C1858361,NULL
423,,,,2020-12-22 18:01:55,2020-12-22 18:01:55,C1860167,NULL
424,,,,2020-12-22 18:01:55,2020-12-22 18:01:55,C0271695,NULL
425,,,,2020-12-22 18:01:55,2020-12-22 18:01:55,C0034960,NULL
426,,,,2020-12-22 18:01:55,2020-12-22 18:01:55,C0748397,NULL
427,,,,2020-12-22 18:01:55,2020-12-22 18:01:55,C1837026,NULL
428,,,,2020-12-22 18:01:55,2020-12-22 18:01:55,C2931752,NULL
429,,,,2020-12-22 18:01:55,2020-12-22 18:01:55,C1867147,NULL
430,,,,2020-12-22 18:01:56,2020-12-22 18:01:56,C0263859,NULL
431,,,,2020-12-22 18:01:56,2020-12-22 18:01:56,C1833454,NULL
432,,,,2020-12-22 18:01:56,2020-12-22 18:01:56,C1867021,NULL
433,,,,2020-12-22 18:01:56,2020-12-22 18:01:56,C1867020,NULL
434,,,,2020-12-22 18:01:56,2020-12-22 18:01:56,C1839321,NULL
435,,,,2020-12-22 18:01:56,2020-12-22 18:01:56,C0265227,NULL
436,,,,2020-12-22 18:01:56,2020-12-22 18:01:56,C0917817,NULL
437,,,,2020-12-22 18:01:56,2020-12-22 18:01:56,C1335929,NULL
438,,,,2020-12-22 18:01:56,2020-12-22 18:01:56,C2931480,NULL
439,,,,2020-12-22 18:01:56,2020-12-22 18:01:56,C0263390,NULL
440,,,,2020-12-22 18:01:56,2020-12-22 18:01:56,C0036920,NULL
441,,,,2020-12-22 18:01:56,2020-12-22 18:01:56,C0878684,NULL
442,,,,2020-12-22 18:01:56,2020-12-22 18:01:56,C0037231,NULL
443,,,,2020-12-22 18:01:56,2020-12-22 18:01:56,C0282492,NULL
444,,,,2020-12-22 18:01:57,2020-12-22 18:01:57,C1851481,NULL
445,,,,2020-12-22 18:01:57,2020-12-22 18:01:57,C2930921,NULL
446,,,,2020-12-22 18:01:57,2020-12-22 18:01:57,C0432243,NULL
447,,,,2020-12-22 18:01:57,2020-12-22 18:01:57,C3150191,NULL
448,,,,2020-12-22 18:01:57,2020-12-22 18:01:57,C0259771,NULL
449,,,,2020-12-22 18:01:57,2020-12-22 18:01:57,C3671377,NULL
450,,,,2020-12-22 18:01:57,2020-12-22 18:01:57,C1866650,NULL
451,,,,2020-12-22 18:01:57,2020-12-22 18:01:57,C1861456,NULL
452,,,,2020-12-22 18:01:57,2020-12-22 18:01:57,C0600336,NULL
453,,,,2020-12-22 18:01:57,2020-12-22 18:01:57,C0018054,NULL
454,,,,2020-12-22 18:01:57,2020-12-22 18:01:57,C2936694,NULL
455,,,,2020-12-22 18:01:58,2020-12-22 18:01:58,C0406803,NULL
456,,,,2020-12-22 18:01:58,2020-12-22 18:01:58,C0036421,NULL
457,,,,2020-12-22 18:01:58,2020-12-22 18:01:58,C1839463,NULL
458,,,,2020-12-22 18:01:58,2020-12-22 18:01:58,C1848909,NULL
459,,,,2020-12-22 18:01:58,2020-12-22 18:01:58,C1868311,NULL
460,,,,2020-12-22 18:01:58,2020-12-22 18:01:58,C2678486,NULL
461,,,,2020-12-22 18:01:58,2020-12-22 18:01:58,C0391816,NULL
462,,,,2020-12-22 18:01:58,2020-12-22 18:01:58,C1851573,NULL
463,,,,2020-12-22 18:01:58,2020-12-22 18:01:58,C0265333,NULL
464,,,,2020-12-22 18:01:58,2020-12-22 18:01:58,C0406724,NULL
465,,,,2020-12-22 18:01:58,2020-12-22 18:01:58,C1848745,NULL
466,,,,2020-12-22 18:01:59,2020-12-22 18:01:59,C0023003,NULL
467,,,,2020-12-22 18:01:59,2020-12-22 18:01:59,C2931237,NULL
468,,,,2020-12-22 18:01:59,2020-12-22 18:01:59,C3267126,NULL
469,,,,2020-12-22 18:01:59,2020-12-22 18:01:59,C0740342,NULL
470,,,,2020-12-22 18:01:59,2020-12-22 18:01:59,C1955934,NULL
471,,,,2020-12-22 18:01:59,2020-12-22 18:01:59,C0041341,NULL
472,,,,2020-12-22 18:01:59,2020-12-22 18:01:59,C1275126,NULL
473,,,,2020-12-22 18:01:59,2020-12-22 18:01:59,C0406443,NULL
474,,,,2020-12-22 18:01:59,2020-12-22 18:01:59,C1835664,NULL
475,,,,2020-12-22 18:01:59,2020-12-22 18:01:59,C0268487,NULL
476,,,,2020-12-22 18:01:59,2020-12-22 18:01:59,C0432347,NULL
477,,,,2020-12-22 18:02:00,2020-12-22 18:02:00,C1833561,NULL
478,,,,2020-12-22 18:02:00,2020-12-22 18:02:00,C0796192,NULL
479,,,,2020-12-22 18:02:00,2020-12-22 18:02:00,C0162532,NULL
480,,,,2020-12-22 18:02:00,2020-12-22 18:02:00,C0268338,NULL
481,,,,2020-12-22 18:02:00,2020-12-22 18:02:00,C1855772,NULL
482,,,,2020-12-22 18:02:00,2020-12-22 18:02:00,C1858805,NULL
483,,,,2020-12-22 18:02:00,2020-12-22 18:02:00,C1847800,NULL
484,,,,2020-12-22 18:02:00,2020-12-22 18:02:00,C2700265,NULL
485,,,,2020-12-22 18:02:00,2020-12-22 18:02:00,C0079661,NULL
486,,,,2020-12-22 18:02:00,2020-12-22 18:02:00,C0599973,NULL
487,,,,2020-12-22 18:02:00,2020-12-22 18:02:00,C1848519,NULL
488,,,,2020-12-22 18:02:00,2020-12-22 18:02:00,C3266898,NULL
489,,,,2020-12-22 18:02:00,2020-12-22 18:02:00,C0343101,NULL
490,,,,2020-12-22 18:02:00,2020-12-22 18:02:00,C0043119,NULL
491,,,,2020-12-22 18:02:01,2020-12-22 18:02:01,C0457013,NULL
492,,,,2020-12-22 18:02:01,2020-12-22 18:02:01,C1721005,NULL
493,,,,2020-12-22 18:02:01,2020-12-22 18:02:01,C0043194,NULL
494,,,,2020-12-22 18:02:01,2020-12-22 18:02:01,C0406716,NULL
495,,,,2020-12-22 18:02:01,2020-12-22 18:02:01,C0406735,NULL
496,,,,2020-12-22 18:02:01,2020-12-22 18:02:01,C0406718,NULL
497,,,,2020-12-22 18:02:01,2020-12-22 18:02:01,C0343073,NULL
498,,,,2020-12-22 18:02:01,2020-12-22 18:02:01,C0345427,NULL
499,,,,2020-12-22 18:02:01,2020-12-22 18:02:01,C0406587,NULL
500,,,,2020-12-22 18:02:01,2020-12-22 18:02:01,C0265321,NULL
501,,,,2020-12-22 18:02:01,2020-12-22 18:02:01,C2931836,NULL
502,,,,2020-12-22 18:02:01,2020-12-22 18:02:01,C0263627,NULL
503,,,,2020-12-22 18:02:01,2020-12-22 18:02:01,C0282102,NULL
504,,,,2020-12-22 18:02:01,2020-12-22 18:02:01,C0079588,NULL
505,,,,2020-12-22 18:02:02,2020-12-22 18:02:02,C0043322,NULL
506,,,,2020-12-22 18:02:02,2020-12-22 18:02:02,C0043346,NULL
507,,,,2020-12-22 18:02:02,2020-12-22 18:02:02,C0432328,NULL
508,,,,2020-12-22 18:02:02,2020-12-22 18:02:02,C1848410,NULL
509,,,,2020-12-22 18:02:02,2020-12-22 18:02:02,C0221348,NULL
510,,,,2020-12-22 18:02:02,2020-12-22 18:02:02,C1866425,NULL
511,,,,2020-12-22 18:02:02,2020-12-22 18:02:02,C2931488,NULL
